test1;test2;test3;test4;final_test;semester_tests;total_score;total_score_without_hw;final_score;d_szfvar;d_nowork;d_okt;d_mothereduc_uni;d_derivation;time_slot_tuesday;time_slot_wednesday;time_slot_thursday;time_slot_friday;treatment_hybrid;treatment_loss;treatment_gain;homework_total;d_no;d_okt2;d_okt3;d_okt4;d_okt5;d_okt6;d_okt7;female_loss;female_hybrid;Group;loss_final;loss_semester;Group_cat
12,0;15,0;16,0;16,0;32,5;47,0;103,50;91,5;91,50;0;0;7;0;1;1;0;0;0;0;1;0;12,00;1;0;0;0;0;0;1;1;0;G01;1;1;1
9,0;8,0;14,5;10,0;28,0;33,5;80,67;69,5;72,67;0;1;7;1;0;1;0;0;0;0;1;0;11,17;0;0;0;0;0;0;1;0;0;G01;1;1;1
13,0;14,5;13,0;15,0;35,5;42,5;102,50;91,0;89,50;0;1;7;1;1;1;0;0;0;0;1;0;11,50;1;0;0;0;0;0;1;1;0;G01;1;1;1
7,0;7,0;14,0;11,5;29,5;32,5;78,50;69,0;71,50;0;0;7;1;1;1;0;0;0;0;1;0;9,50;1;0;0;0;0;0;1;1;0;G01;1;1;1
11,0;15,0;12,0;10,0;31,0;38,0;88,50;79,0;78,50;0;1;7;1;1;1;0;0;0;0;1;0;9,50;1;0;0;0;0;0;1;1;0;G01;1;1;1
15,0;16,0;15,5;16,0;31,0;47,5;105,25;93,5;90,25;0;1;7;1;0;1;0;0;0;0;1;0;11,75;1;0;0;0;0;0;1;1;0;G01;1;1;1
4,0;13,0;10,5;15,0;32,0;38,5;86,00;74,5;82,00;0;1;7;1;0;1;0;0;0;0;1;0;11,50;1;0;0;0;0;0;1;1;0;G01;1;1;1
15,0;14,0;16,0;15,5;32,5;46,5;105,00;93,0;91,00;0;1;7;0;0;1;0;0;0;0;1;0;12,00;1;0;0;0;0;0;1;1;0;G01;1;1;1
10,0;10,5;8,0;10,0;26,5;30,5;76,50;65,0;68,50;0;1;7;1;1;1;0;0;0;0;1;0;11,50;1;0;0;0;0;0;1;1;0;G01;1;1;1
13,0;14,0;13,0;15,0;37,0;42,0;103,50;92,0;90,50;0;1;7;1;1;1;0;0;0;0;1;0;11,50;1;0;0;0;0;0;1;1;0;G01;1;1;1
9,0;7,0;10,5;7,5;25,0;27,0;70,50;59,0;63,50;0;1;7;1;0;1;0;0;0;0;1;0;11,50;0;0;0;0;0;0;1;0;0;G01;1;1;1
12,0;14,5;13,5;12,5;34,0;40,5;98,25;86,5;86,25;0;1;7;1;1;1;0;0;0;0;1;0;11,75;0;0;0;0;0;0;1;0;0;G01;1;1;1
13,0;9,5;9,5;10,0;23,0;32,5;76,25;65,0;66,75;0;0;7;1;1;1;0;0;0;0;1;0;11,25;1;0;0;0;0;0;1;1;0;G01;1;1;1
12,0;13,0;16,0;11,0;32,5;41,0;95,50;84,5;84,50;0;1;7;0;0;1;0;0;0;0;1;0;11,00;0;0;0;0;0;0;1;0;0;G01;1;1;1
11,0;12,0;15,0;14,0;32,5;41,0;95,83;84,5;84,83;0;1;7;1;1;1;0;0;0;0;1;0;11,33;0;0;0;0;0;0;1;0;0;G01;1;1;1
11,0;4,0;5,5;16,0;14,0;32,5;61,33;50,5;57,33;0;0;7;0;0;1;0;0;0;0;1;0;10,83;0;0;0;0;0;0;1;0;0;G01;1;1;1
6,0;11,0;15,5;10,0;28,0;36,5;81,75;70,5;75,75;0;0;7;1;1;1;0;0;0;0;1;0;11,25;0;0;0;0;0;0;1;0;0;G01;1;1;1
11,0;14,0;9,0;13,0;26,5;38,0;84,00;73,5;75,00;0;0;7;0;0;1;0;0;0;0;1;0;10,50;0;0;0;0;0;0;1;0;0;G01;1;1;1
10,0;6,0;9,0;8,0;20,5;27,0;64,33;53,5;58,33;0;0;7;1;0;1;0;0;0;0;1;0;10,83;0;0;0;0;0;0;1;0;0;G01;1;1;1
4,0;9,5;12,5;10,0;28,0;32,0;75,75;64,0;71,75;0;0;7;1;0;1;0;0;0;0;1;0;11,75;1;0;0;0;0;0;1;1;0;G01;1;1;1
9,0;7,0;7,5;3,5;23,5;23,5;61,83;50,5;58,33;0;1;7;1;1;1;0;0;0;0;1;0;11,33;1;0;0;0;0;0;1;1;0;G01;1;1;1
10,5;10,5;16,0;13,0;29,5;39,5;90,50;79,5;80,00;0;0;7;1;1;1;0;0;0;0;1;0;11,00;0;0;0;0;0;0;1;0;0;G01;1;1;1
13,0;13,0;8,0;9,0;23,0;35,0;78,00;66,0;70,00;0;0;7;1;1;1;0;0;0;0;1;0;12,00;0;0;0;0;0;0;1;0;0;G01;1;1;1
13,0;8,5;16,0;16,0;34,0;45,0;98,25;87,5;89,75;0;0;7;0;0;1;0;0;0;0;1;0;10,75;1;0;0;0;0;0;1;1;0;G01;1;1;1
13,5;8,5;15,0;14,0;31,0;42,5;93,33;82,0;84,83;0;1;7;1;0;1;0;0;0;0;1;0;11,33;1;0;0;0;0;0;1;1;0;G01;1;1;1
7,0;14,0;12,0;13,0;28,0;39,0;84,75;74,0;77,75;0;0;7;1;1;1;0;0;0;0;1;0;10,75;0;0;0;0;0;0;1;0;0;G01;1;1;1
13,0;6,5;15,5;16,0;30,5;44,5;92,92;81,5;86,42;0;1;7;1;1;1;0;0;0;0;1;0;11,42;0;0;0;0;0;0;1;0;0;G01;1;1;1
8,0;10,0;11,0;6,0;19,5;29,0;65,25;54,5;59,25;0;1;3;1;1;1;0;0;0;0;1;0;10,75;1;0;1;0;0;0;0;1;0;G04;1;1;4
11,5;6,0;11,0;4,0;16,0;28,5;60,50;48,5;56,50;0;1;3;1;1;1;0;0;0;0;1;0;12,00;1;0;1;0;0;0;0;1;0;G04;1;1;4
6,0;6,0;0,0;0,0;40,0;12,0;61,75;52,0;61,75;0;0;3;1;0;1;0;0;0;0;1;0;9,75;0;0;1;0;0;0;0;0;0;G04;1;1;4
12,5;4,0;12,0;4,0;16,5;28,5;58,00;49,0;54,00;0;0;3;1;0;1;0;0;0;0;1;0;9,00;0;0;1;0;0;0;0;0;0;G04;1;1;4
5,0;8,5;14,0;16,0;23,5;38,5;77,75;67,0;72,75;0;0;3;1;0;1;0;0;0;0;1;0;10,75;0;0;1;0;0;0;0;0;0;G04;1;1;4
5,5;13,5;8,0;0,0;0,0;27,0;32,25;27,0;32,25;0;0;3;1;1;1;0;0;0;0;1;0;5,25;0;0;1;0;0;0;0;0;0;G04;1;1;4
6,0;14,0;11,5;8,0;28,0;33,5;76,65;67,5;70,65;0;1;3;0;1;1;0;0;0;0;1;0;9,15;1;0;1;0;0;0;0;1;0;G04;1;1;4
10,0;5,0;11,5;10,0;0,0;31,5;44,83;36,5;39,83;0;0;3;0;0;1;0;0;0;0;1;0;8,33;1;0;1;0;0;0;0;1;0;G04;1;1;4
8,0;5,0;12,5;10,0;14,0;30,5;59,25;49,5;54,25;0;1;3;1;0;1;0;0;0;0;1;0;9,75;1;0;1;0;0;0;0;1;0;G04;1;1;4
11,0;7,0;14,0;12,0;28,0;37,0;83,75;72,0;76,75;0;0;3;0;1;1;0;0;0;0;1;0;11,75;1;0;1;0;0;0;0;1;0;G04;1;1;4
8,5;12,0;11,0;10,5;21,5;33,5;74,25;63,5;65,75;0;1;3;1;0;1;0;0;0;0;1;0;10,75;1;0;1;0;0;0;0;1;0;G04;1;1;4
9,0;14,5;13,0;14,0;32,0;41,5;94,50;82,5;85,50;0;0;3;1;1;1;0;0;0;0;1;0;12,00;0;0;1;0;0;0;0;0;0;G04;1;1;4
2,0;5,0;0,0;0,0;40,0;7,0;56,50;47,0;56,50;0;1;3;0;1;1;0;0;0;0;1;0;9,50;0;0;1;0;0;0;0;0;0;G04;1;1;4
15,0;9,5;16,0;14,0;31,0;45,0;97,00;85,5;87,50;0;1;3;0;0;1;0;0;0;0;1;0;11,50;1;0;1;0;0;0;0;1;0;G04;1;1;4
9,0;4,0;11,5;9,5;0,0;30,0;42,25;34,0;38,25;0;0;3;1;1;1;0;0;0;0;1;0;8,25;0;0;1;0;0;0;0;0;0;G04;1;1;4
6,0;7,0;16,0;11,0;32,5;34,0;82,58;72,5;76,58;0;1;3;0;1;1;0;0;0;0;1;0;10,08;0;0;1;0;0;0;0;0;0;G04;1;1;4
5,5;9,0;11,0;15,5;38,5;35,5;89,25;79,5;83,75;0;0;3;0;1;1;0;0;0;0;1;0;9,75;1;0;1;0;0;0;0;1;0;G04;1;1;4
7,0;15,0;13,0;11,0;40,0;39,0;95,50;86,0;88,50;0;0;3;1;0;1;0;0;0;0;1;0;9,50;1;0;1;0;0;0;0;1;0;G04;1;1;4
8,0;6,0;6,0;3,0;24,5;20,0;57,67;47,5;54,67;0;1;3;1;1;1;0;0;0;0;1;0;10,17;1;0;1;0;0;0;0;1;0;G04;1;1;4
0,5;3,0;8,5;9,5;34,0;21,0;64,58;55,5;64,08;0;0;3;1;1;1;0;0;0;0;1;0;9,08;0;0;1;0;0;0;0;0;0;G04;1;1;4
10,0;16,0;15,5;11,0;30,5;42,5;94,50;83,0;84,50;0;1;3;1;1;1;0;0;0;0;1;0;11,50;0;0;1;0;0;0;0;0;0;G04;1;1;4
16,0;12,0;11,5;15,0;37,0;43,0;103,50;91,5;92,00;0;1;3;1;1;1;0;0;0;0;1;0;12,00;0;0;1;0;0;0;0;0;0;G04;1;1;4
9,0;11,5;11,0;14,0;31,0;36,5;87,75;76,5;78,75;0;1;3;1;1;1;0;0;0;0;1;0;11,25;0;0;1;0;0;0;0;0;0;G04;1;1;4
14,0;9,5;9,5;10,0;19,0;33,5;71,25;62,0;61,75;0;1;3;1;1;0;0;0;1;1;0;0;9,25;0;0;1;0;0;0;0;0;0;G06;1;0;6
11,0;13,0;15,0;12,0;26,0;40,0;88,25;77,0;77,25;0;1;3;0;1;0;0;0;1;1;0;0;11,25;0;0;1;0;0;0;0;0;0;G06;1;0;6
12,0;13,0;10,0;10,5;20,0;35,5;77,25;65,5;67,25;0;0;3;0;0;0;0;0;1;1;0;0;11,75;0;0;1;0;0;0;0;0;0;G06;1;0;6
14,0;11,0;11,0;14,5;29,5;39,5;91,00;80,0;80,00;0;0;3;1;1;0;0;0;1;1;0;0;11,00;0;0;1;0;0;0;0;0;0;G06;1;0;6
6,5;3,0;0,0;0,0;40,0;9,5;60,00;49,5;60,00;0;0;3;1;1;0;0;0;1;1;0;0;10,50;0;0;1;0;0;0;0;0;0;G06;1;0;6
11,0;14,0;7,0;11,0;16,0;36,0;70,25;59,0;63,25;0;0;3;0;0;0;0;0;1;1;0;0;11,25;1;0;1;0;0;0;0;0;1;G06;1;0;6
13,5;13,0;0,0;0,0;0,0;26,5;32,50;26,5;32,50;0;0;3;0;1;0;0;0;1;1;0;0;6,00;0;0;1;0;0;0;0;0;0;G06;1;0;6
16,0;15,0;14,0;7,0;29,5;45,0;93,25;81,5;86,25;0;1;3;1;1;0;0;0;1;1;0;0;11,75;1;0;1;0;0;0;0;0;1;G06;1;0;6
14,0;12,5;14,0;0,0;26,0;40,5;77,75;66,5;77,75;0;0;3;1;1;0;0;0;1;1;0;0;11,25;1;0;1;0;0;0;0;0;1;G06;1;0;6
9,0;10,0;12,0;7,0;19,0;31,0;66,50;57,0;59,50;0;0;3;1;1;0;0;0;1;1;0;0;9,50;0;0;1;0;0;0;0;0;0;G06;1;0;6
15,0;12,5;16,0;15,5;32,5;46,5;100,75;91,5;88,25;0;1;3;1;0;0;0;0;1;1;0;0;9,25;1;0;1;0;0;0;0;0;1;G06;1;0;6
15,5;13,5;16,0;16,0;37,0;47,5;109,75;98,0;96,25;0;1;3;1;1;0;0;0;1;1;0;0;11,75;0;0;1;0;0;0;0;0;0;G06;1;0;6
7,5;7,0;9,0;2,5;23,5;23,5;60,00;49,5;57,50;0;1;3;1;0;0;0;0;1;1;0;0;10,50;0;0;1;0;0;0;0;0;0;G06;1;0;6
12,0;6,0;1,0;15,0;23,0;33,0;67,75;57,0;66,75;0;1;3;0;0;0;0;0;1;1;0;0;10,75;0;0;1;0;0;0;0;0;0;G06;1;0;6
10,5;11,5;7,5;7,0;25,0;29,5;73,50;61,5;66,50;0;1;3;1;0;0;0;0;1;0;0;1;12,00;1;0;1;0;0;0;0;0;0;G07;0;0;7
0,0;0,0;5,0;0,0;0,0;5,0;11,75;5,0;11,75;0;0;3;1;1;0;0;0;1;0;0;1;6,75;0;0;1;0;0;0;0;0;0;G07;0;0;7
6,0;15,0;11,0;11,0;19,0;37,0;71,50;62,0;65,50;0;1;3;0;1;0;0;0;1;0;0;1;9,50;1;0;1;0;0;0;0;0;0;G07;0;0;7
5,0;3,0;9,0;3,0;27,5;17,0;57,58;47,5;54,58;0;0;3;1;1;0;0;0;1;0;0;1;10,08;0;0;1;0;0;0;0;0;0;G07;0;0;7
16,0;16,0;14,0;15,0;34,0;47,0;106,00;95,0;92,00;0;1;3;1;1;0;0;0;1;0;0;1;11,00;0;0;1;0;0;0;0;0;0;G07;0;0;7
10,0;10,5;4,0;11,5;22,0;32,0;67,00;58,0;63,00;0;1;3;1;1;0;0;0;1;0;0;1;9,00;0;0;1;0;0;0;0;0;0;G07;0;0;7
14,0;12,5;16,0;0,0;0,0;42,5;49,00;42,5;49,00;0;0;3;1;0;0;0;0;1;0;0;1;6,50;0;0;1;0;0;0;0;0;0;G07;0;0;7
14,0;16,0;13,0;15,0;34,0;45,0;103,75;92,0;90,75;0;1;3;1;1;0;0;0;1;0;0;1;11,75;1;0;1;0;0;0;0;0;0;G07;0;0;7
9,0;4,0;9,0;7,0;21,5;25,0;59,83;50,5;55,83;0;0;3;1;1;0;0;0;1;0;0;1;9,33;0;0;1;0;0;0;0;0;0;G07;0;0;7
8,0;6,0;0,0;0,0;0,0;14,0;24,17;14,0;24,17;0;1;3;0;0;0;0;0;1;0;0;1;10,17;0;0;1;0;0;0;0;0;0;G07;0;0;7
12,0;13,0;13,0;10,0;26,0;38,0;84,25;74,0;74,25;0;1;3;1;1;0;0;0;1;0;0;1;10,25;0;0;1;0;0;0;0;0;0;G07;0;0;7
13,0;11,5;14,0;13,0;23,0;40,0;85,00;74,5;73,50;0;0;3;0;0;0;0;0;1;0;0;1;10,50;0;0;1;0;0;0;0;0;0;G07;0;0;7
8,0;2,5;8,5;8,0;24,5;24,5;60,50;51,5;58,00;0;0;3;1;0;0;0;0;1;0;0;1;9,00;0;0;1;0;0;0;0;0;0;G07;0;0;7
6,5;7,5;7,0;0,0;0,0;21,0;29,75;21,0;29,75;0;1;3;1;1;0;0;0;1;0;0;1;8,75;0;0;1;0;0;0;0;0;0;G07;0;0;7
7,5;7,0;7,5;9,0;0,0;24,0;41,75;31,0;34,75;0;0;3;1;1;0;0;0;1;0;0;1;10,75;0;0;1;0;0;0;0;0;0;G07;0;0;7
13,0;6,0;16,0;11,0;20,0;40,0;75,83;66,0;69,83;0;0;3;1;0;0;0;0;1;0;0;1;9,83;1;0;1;0;0;0;0;0;0;G07;0;0;7
13,0;6,0;14,0;13,0;29,5;40,0;86,75;75,5;80,75;0;0;3;1;1;0;0;0;1;0;0;1;11,25;1;0;1;0;0;0;0;0;0;G07;0;0;7
10,5;15,0;14,0;12,0;26,5;41,0;88,00;78,0;77,50;0;0;3;1;1;0;0;0;1;0;0;1;10,00;0;0;1;0;0;0;0;0;0;G07;0;0;7
13,0;14,5;13,0;11,5;34,0;40,5;96,50;86,0;85,00;0;0;3;1;1;0;0;0;1;0;0;1;10,50;0;0;1;0;0;0;0;0;0;G07;0;0;7
9,5;12,0;14,5;14,0;32,0;40,5;93,50;82,0;84,00;0;1;3;1;1;0;0;0;1;0;0;1;11,50;1;0;1;0;0;0;0;0;0;G08;0;0;8
14,0;8,5;8,0;6,0;22,0;30,5;67,50;58,5;61,50;0;1;3;0;1;0;0;0;1;0;0;1;9,00;0;0;1;0;0;0;0;0;0;G08;0;0;8
15,0;16,0;14,5;0,0;29,0;45,5;86,00;74,5;86,00;0;1;3;1;1;0;0;0;1;0;0;1;11,50;1;0;1;0;0;0;0;0;0;G08;0;0;8
13,0;10,0;14,0;0,0;19,0;37,0;67,00;56,0;67,00;0;0;3;1;1;0;0;0;1;0;0;1;11,00;1;0;1;0;0;0;0;0;0;G08;0;0;8
12,0;13,0;8,0;16,0;35,0;41,0;95,50;84,0;87,50;0;1;3;1;1;0;0;0;1;0;0;1;11,50;0;0;1;0;0;0;0;0;0;G08;0;0;8
0,5;5,5;11,0;10,0;22,0;26,5;59,50;49,0;59,00;0;0;3;1;0;0;0;0;1;0;0;1;10,50;1;0;1;0;0;0;0;0;0;G08;0;0;8
6,5;4,0;0,0;0,0;0,0;10,5;13,25;10,5;13,25;0;0;3;1;0;0;0;0;1;0;0;1;2,75;0;0;1;0;0;0;0;0;0;G08;0;0;8
12,0;11,5;13,0;10,0;19,0;36,5;76,00;65,5;66,00;0;1;3;1;0;0;0;0;1;0;0;1;10,50;0;0;1;0;0;0;0;0;0;G08;0;0;8
16,0;13,5;13,0;16,0;35,5;45,5;105,00;94,0;92,00;0;1;3;1;1;0;0;0;1;0;0;1;11,00;1;0;1;0;0;0;0;0;0;G08;0;0;8
8,0;11,5;8,0;8,0;0,0;27,5;45,50;35,5;37,50;0;0;3;1;0;0;0;0;1;0;0;1;10,00;1;0;1;0;0;0;0;0;0;G08;0;0;8
13,0;13,0;15,0;16,0;35,5;44,0;104,50;92,5;91,50;0;1;3;1;1;0;0;0;1;0;0;1;12,00;1;0;1;0;0;0;0;0;0;G08;0;0;8
5,0;7,0;6,0;0,0;23,5;18,0;52,50;41,5;52,50;0;1;3;1;1;0;0;0;1;0;0;1;11,00;0;0;1;0;0;0;0;0;0;G08;0;0;8
4,5;7,0;10,0;0,0;0,0;21,5;29,83;21,5;29,83;0;0;3;1;0;0;0;0;1;0;0;1;8,33;0;0;1;0;0;0;0;0;0;G08;0;0;8
8,5;11,0;14,0;11,0;26,5;36,0;82,33;71,0;73,83;0;1;3;1;1;0;0;0;1;0;0;1;11,33;0;0;1;0;0;0;0;0;0;G08;0;0;8
7,0;1,0;10,0;5,0;20,0;22,0;54,00;43,0;53,00;0;0;3;1;1;0;0;0;1;0;0;1;11,00;0;0;1;0;0;0;0;0;0;G08;0;0;8
15,0;11,5;14,0;12,0;30,5;41,0;92,17;83,0;80,67;0;1;2;1;0;1;0;0;0;0;1;0;9,17;1;1;0;0;0;0;0;1;0;G02;1;1;2
8,5;9,0;11,5;14,5;23,5;35,0;79,00;67,0;70,50;0;1;2;0;1;1;0;0;0;0;1;0;12,00;0;1;0;0;0;0;0;0;0;G02;1;1;2
10,5;13,0;12,5;13,0;29,5;38,5;90,25;78,5;79,75;0;1;2;1;1;1;0;0;0;0;1;0;11,75;0;1;0;0;0;0;0;0;0;G02;1;1;2
0,0;6,5;12,0;0,0;40,0;18,5;70,25;58,5;70,25;0;0;2;1;0;1;0;0;0;0;1;0;11,75;1;1;0;0;0;0;0;1;0;G02;1;1;2
9,5;15,5;16,0;15,0;34,0;46,5;102,00;90,0;92,50;0;0;2;1;1;1;0;0;0;0;1;0;12,00;1;1;0;0;0;0;0;1;0;G02;1;1;2
11,5;12,0;0,0;12,0;19,0;35,5;63,75;54,5;63,75;0;0;2;1;1;1;0;0;0;0;1;0;9,25;0;1;0;0;0;0;0;0;0;G02;1;1;2
6,0;11,5;0,0;0,0;40,0;17,5;69,25;57,5;69,25;0;0;2;1;1;1;0;0;0;0;1;0;11,75;0;1;0;0;0;0;0;0;0;G02;1;1;2
9,5;14,5;15,0;15,5;28,0;45,0;93,75;82,5;84,25;0;0;2;1;0;1;0;0;0;0;1;0;11,25;1;1;0;0;0;0;0;1;0;G02;1;1;2
8,0;8,5;13,5;15,0;34,0;37,0;90,75;79,0;82,75;0;1;2;1;1;1;0;0;0;0;1;0;11,75;0;1;0;0;0;0;0;0;0;G02;1;1;2
10,5;10,0;9,0;9,5;26,5;30,0;76,58;65,5;67,58;0;1;2;0;1;1;0;0;0;0;1;0;11,08;0;1;0;0;0;0;0;0;0;G02;1;1;2
16,0;14,5;14,5;13,5;35,5;45,0;104,50;94,0;91,00;0;1;2;1;1;1;0;0;0;0;1;0;10,50;1;1;0;0;0;0;0;1;0;G02;1;1;2
8,5;14,0;9,0;11,0;28,0;34,0;80,25;70,5;71,75;0;0;2;1;1;1;0;0;0;0;1;0;9,75;0;1;0;0;0;0;0;0;0;G02;1;1;2
11,5;16,0;13,5;0,0;26,5;41,0;78,33;67,5;78,33;0;1;2;1;1;1;0;0;0;0;1;0;10,83;0;1;0;0;0;0;0;0;0;G02;1;1;2
10,0;13,0;11,5;13,0;29,5;37,5;88,00;77,0;78,00;0;0;2;1;0;1;0;0;0;0;1;0;11,00;1;1;0;0;0;0;0;1;0;G02;1;1;2
15,5;11,5;12,5;8,5;34,0;39,5;92,75;82,0;84,25;0;1;2;1;1;1;0;0;0;0;1;0;10,75;1;1;0;0;0;0;0;1;0;G02;1;1;2
16,0;13,0;15,5;16,0;33,5;47,5;105,00;94,0;92,00;0;0;2;1;1;1;0;0;0;0;1;0;11,00;0;1;0;0;0;0;0;0;0;G02;1;1;2
9,0;15,0;14,0;11,0;25,0;40,0;84,17;74,0;75,17;0;0;2;0;0;1;0;0;0;0;1;0;10,17;1;1;0;0;0;0;0;1;0;G02;1;1;2
8,0;6,0;10,0;10,0;22,0;28,0;66,25;56,0;60,25;0;0;2;1;1;1;0;0;0;0;1;0;10,25;1;1;0;0;0;0;0;1;0;G02;1;1;2
7,0;14,0;14,5;6,0;27,5;35,5;80,58;69,0;74,58;0;0;2;0;1;1;0;0;0;0;1;0;11,58;1;1;0;0;0;0;0;1;0;G02;1;1;2
11,0;10,0;12,0;12,5;25,0;35,5;80,17;70,5;70,17;0;1;2;1;0;1;0;0;0;0;1;0;9,67;0;1;0;0;0;0;0;0;0;G02;1;1;2
14,0;15,5;12,0;12,0;28,0;41,5;92,50;81,5;80,50;0;0;2;0;1;1;0;0;0;0;1;0;11,00;1;1;0;0;0;0;0;1;0;G02;1;1;2
12,0;14,5;12,0;16,0;23,0;42,5;89,17;77,5;77,17;0;1;2;1;0;1;0;0;0;0;1;0;11,67;1;1;0;0;0;0;0;1;0;G02;1;1;2
7,0;12,0;11,0;14,0;18,5;37,0;73,25;62,5;66,25;0;1;2;1;0;1;0;0;0;0;1;0;10,75;1;1;0;0;0;0;0;1;0;G02;1;1;2
10,0;7,0;12,0;15,0;26,5;37,0;81,25;70,5;74,25;0;1;2;1;1;1;0;0;0;0;1;0;10,75;0;1;0;0;0;0;0;0;0;G02;1;1;2
8,5;13,0;12,5;12,0;29,5;37,5;86,67;75,5;78,17;0;0;2;1;0;1;0;0;0;0;1;0;11,17;1;1;0;0;0;0;0;1;0;G02;1;1;2
11,0;11,0;15,0;6,0;28,0;37,0;83,00;71,0;77,00;0;0;2;1;0;1;0;0;0;0;1;0;12,00;1;1;0;0;0;0;0;1;0;G02;1;1;2
14,0;10,5;14,5;11,0;23,5;39,5;85,00;73,5;74,50;0;0;2;1;1;1;0;0;0;0;1;0;11,50;1;1;0;0;0;0;0;1;0;G02;1;1;2
15,5;15,5;16,0;0,0;33,5;47,0;92,00;80,5;92,00;0;0;2;0;1;0;0;1;1;1;0;0;11,50;0;1;0;0;0;0;0;0;0;G03;1;0;3
15,0;16,0;15,0;11,0;32,5;46,0;101,00;89,5;90,00;0;1;2;1;1;0;0;1;1;1;0;0;11,50;1;1;0;0;0;0;0;0;1;G03;1;0;3
16,0;15,0;13,5;12,0;32,5;44,5;100,25;89,0;88,25;0;0;2;1;0;0;0;1;1;1;0;0;11,25;1;1;0;0;0;0;0;0;1;G03;1;0;3
16,0;16,0;15,5;0,0;31,0;47,5;90,50;78,5;90,50;0;1;2;1;1;0;0;1;1;1;0;0;12,00;1;1;0;0;0;0;0;0;1;G03;1;0;3
6,0;11,0;10,0;0,0;29,5;27,0;68,50;56,5;68,50;0;0;2;1;0;0;0;1;1;1;0;0;12,00;0;1;0;0;0;0;0;0;0;G03;1;0;3
12,5;14,0;10,5;16,0;34,0;42,5;98,25;87,0;87,75;0;0;2;0;0;0;0;1;1;1;0;0;11,25;0;1;0;0;0;0;0;0;0;G03;1;0;3
8,5;11,5;7,5;15,0;20,0;35,0;72,75;62,5;65,25;0;1;2;1;1;0;0;1;1;1;0;0;10,25;0;1;0;0;0;0;0;0;0;G03;1;0;3
10,0;6,0;0,0;10,0;29,5;26,0;66,08;55,5;66,08;0;0;2;1;0;0;0;1;1;1;0;0;10,58;0;1;0;0;0;0;0;0;0;G03;1;0;3
11,5;13,0;14,0;16,0;34,0;43,0;98,50;88,5;87,00;0;0;2;1;0;0;0;1;1;1;0;0;10,00;0;1;0;0;0;0;0;0;0;G03;1;0;3
3,5;10,0;12,5;14,5;17,0;37,0;67,75;57,5;64,25;0;0;2;1;1;0;0;1;1;1;0;0;10,25;0;1;0;0;0;0;0;0;0;G03;1;0;3
13,5;11,0;13,5;16,0;32,5;43,0;97,50;86,5;86,50;0;1;2;1;0;0;0;1;1;1;0;0;11,00;1;1;0;0;0;0;0;0;1;G03;1;0;3
12,0;2,0;5,5;8,5;31,0;26,0;69,58;59,0;67,58;0;1;2;1;1;0;0;1;1;1;0;0;10,58;1;1;0;0;0;0;0;0;1;G03;1;0;3
13,5;14,5;4,0;16,0;32,0;44,0;91,83;80,0;87,83;0;0;2;1;1;0;0;1;1;1;0;0;11,83;0;1;0;0;0;0;0;0;0;G03;1;0;3
13,5;13,0;10,0;15,0;35,5;41,5;98,75;87,0;88,75;0;0;2;0;1;0;0;1;1;1;0;0;11,75;1;1;0;0;0;0;0;0;1;G03;1;0;3
9,5;13,5;11,5;10,0;26,5;35,0;80,00;71,0;70,50;0;1;2;0;0;0;0;1;1;1;0;0;9,00;1;1;0;0;0;0;0;0;1;G03;1;0;3
6,0;7,5;7,0;9,0;28,0;23,5;68,25;57,5;62,25;0;0;4;1;1;1;0;0;0;1;0;0;10,75;0;0;0;1;0;0;0;0;0;G05;1;0;5
7,0;5,5;5,0;6,5;23,5;19,0;57,83;47,5;52,83;0;0;4;0;0;1;0;0;0;1;0;0;10,33;1;0;0;1;0;0;0;0;1;G05;1;0;5
11,5;8,0;5,0;6,5;33,5;26,0;75,50;64,5;70,50;0;0;4;1;0;1;0;0;0;1;0;0;11,00;0;0;0;1;0;0;0;0;0;G05;1;0;5
6,0;13,0;12,0;11,5;29,5;36,5;83,50;72,0;77,50;0;1;4;0;0;1;0;0;0;1;0;0;11,50;1;0;0;1;0;0;0;0;1;G05;1;0;5
5,5;4,5;0,0;0,0;40,0;10,0;60,00;50,0;60,00;0;0;4;1;1;1;0;0;0;1;0;0;10,00;0;0;0;1;0;0;0;0;0;G05;1;0;5
10,0;3,0;8,0;5,5;21,5;23,5;58,25;48,0;55,25;0;1;4;1;0;1;0;0;0;1;0;0;10,25;1;0;0;1;0;0;0;0;1;G05;1;0;5
1,0;5,0;0,0;0,0;40,0;6,0;55,00;46,0;55,00;0;0;4;1;0;1;0;0;0;1;0;0;9,00;1;0;0;1;0;0;0;0;1;G05;1;0;5
12,5;5,0;11,5;6,0;20,0;30,0;64,25;55,0;59,25;0;0;4;1;1;1;0;0;0;1;0;0;9,25;1;0;0;1;0;0;0;0;1;G05;1;0;5
12,5;6,5;10,0;11,0;28,0;33,5;78,75;68,0;72,25;0;1;4;1;0;1;0;0;0;1;0;0;10,75;1;0;0;1;0;0;0;0;1;G05;1;0;5
7,5;7,0;7,5;3,0;11,5;22,0;48,25;36,5;45,25;0;1;4;1;0;1;0;0;0;1;0;0;11,75;1;0;0;1;0;0;0;0;1;G05;1;0;5
8,5;9,0;11,0;13,5;31,0;33,5;83,50;73,0;75,00;0;0;4;1;1;1;0;0;0;1;0;0;10,50;0;0;0;1;0;0;0;0;0;G05;1;0;5
3,5;5,5;4,5;0,0;40,0;13,5;65,00;53,5;65,00;0;0;4;1;0;1;0;0;0;1;0;0;11,50;1;0;0;1;0;0;0;0;1;G05;1;0;5
11,0;13,5;10,0;11,0;32,5;35,5;89,75;78,0;79,75;0;0;4;0;0;1;0;0;0;1;0;0;11,75;1;0;0;1;0;0;0;0;1;G05;1;0;5
16,0;14,5;10,0;16,0;26,0;46,5;93,92;82,5;83,92;0;0;4;1;0;1;0;0;0;1;0;0;11,42;1;0;0;1;0;0;0;0;1;G05;1;0;5
8,0;6,5;9,0;6,5;28,0;23,5;67,08;58,0;60,58;0;0;4;1;1;1;0;0;0;1;0;0;9,08;1;0;0;1;0;0;0;0;1;G05;1;0;5
5,0;3,0;8,0;10,0;23,5;23,0;60,50;49,5;57,50;0;1;6;1;0;0;0;0;1;0;1;0;11,00;1;0;0;0;0;1;0;1;0;G12;1;1;12
13,0;10,5;13,5;8,0;29,5;37,0;84,75;74,5;76,75;0;1;6;0;1;0;0;0;1;0;1;0;10,25;1;0;0;0;0;1;0;1;0;G12;1;1;12
7,0;6,0;4,5;9,0;26,5;22,0;63,75;53,0;59,25;0;1;6;1;1;0;0;0;1;0;1;0;10,75;1;0;0;0;0;1;0;1;0;G12;1;1;12
8,0;10,5;0,0;9,5;19,5;28,0;58,17;47,5;58,17;0;0;6;1;0;0;0;0;1;0;1;0;10,67;0;0;0;0;0;1;0;0;0;G12;1;1;12
3,5;10,5;3,5;0,0;0,0;17,5;24,25;17,5;24,25;0;0;6;1;1;0;0;0;1;0;1;0;6,75;1;0;0;0;0;1;0;1;0;G12;1;1;12
11,0;12,0;12,5;8,0;25,0;35,5;79,25;68,5;71,25;0;0;6;0;1;0;0;0;1;0;1;0;10,75;0;0;0;0;0;1;0;0;0;G12;1;1;12
4,5;4,0;6,5;0,0;40,0;15,0;66,25;55,0;66,25;0;1;6;1;0;0;0;0;1;0;1;0;11,25;1;0;0;0;0;1;0;1;0;G12;1;1;12
14,0;16,0;14,0;15,0;35,5;45,0;106,08;94,5;92,08;0;1;6;1;1;0;0;0;1;0;1;0;11,58;0;0;0;0;0;1;0;0;0;G12;1;1;12
12,0;12,0;15,5;16,0;32,0;43,5;99,25;87,5;87,25;0;1;6;0;0;0;0;0;1;0;1;0;11,75;1;0;0;0;0;1;0;1;0;G12;1;1;12
12,0;12,5;14,5;10,0;26,5;39,0;86,00;75,5;76,00;0;0;6;1;1;0;0;0;1;0;1;0;10,50;0;0;0;0;0;1;0;0;0;G12;1;1;12
16,0;14,0;13,5;16,0;32,5;46,0;103,75;92,0;90,25;0;1;6;1;1;0;0;0;1;0;1;0;11,75;1;0;0;0;0;1;0;1;0;G12;1;1;12
11,0;8,0;9,5;10,5;32,5;31,0;82,83;71,5;74,83;0;0;6;0;0;0;0;0;1;0;1;0;11,33;1;0;0;0;0;1;0;1;0;G12;1;1;12
10,5;10,0;0,0;0,0;0,0;20,5;23,75;20,5;23,75;0;0;6;1;0;0;0;0;1;0;1;0;3,25;0;0;0;0;0;1;0;0;0;G12;1;1;12
5,0;8,5;14,0;16,0;34,0;38,5;88,50;77,5;83,50;0;1;6;1;1;0;0;0;1;0;1;0;11,00;0;0;0;0;0;1;0;0;0;G12;1;1;12
10,0;10,0;15,0;7,0;34,0;35,0;86,75;76,0;79,75;0;0;6;1;1;0;0;0;1;0;1;0;10,75;0;0;0;0;0;1;0;0;0;G12;1;1;12
5,5;10,5;5,5;11,0;24,0;27,0;68,50;56,5;63,00;0;0;6;0;1;0;0;0;1;0;1;0;12,00;1;0;0;0;0;1;0;1;0;G12;1;1;12
11,5;7,0;12,0;12,5;18,5;36,0;72,17;61,5;65,17;0;0;6;0;0;0;0;0;1;0;1;0;10,67;1;0;0;0;0;1;0;1;0;G12;1;1;12
3,0;8,5;12,0;15,0;29,5;35,5;78,50;68,0;75,50;0;0;6;1;1;0;0;0;1;0;1;0;10,50;0;0;0;0;0;1;0;0;0;G12;1;1;12
10,5;6,0;15,0;12,0;26,5;37,5;79,75;70,0;73,75;0;0;6;0;0;0;0;0;1;0;1;0;9,75;1;0;0;0;0;1;0;1;0;G12;1;1;12
9,5;15,5;0,0;16,0;28,0;41,0;80,50;69,0;80,50;0;1;6;1;0;0;0;0;1;0;1;0;11,50;1;0;0;0;0;1;0;1;0;G12;1;1;12
9,0;13,0;15,0;15,0;34,0;43,0;97,75;86,0;88,75;0;0;6;1;1;0;0;0;1;0;1;0;11,75;1;0;0;0;0;1;0;1;0;G12;1;1;12
14,0;15,0;9,5;16,0;34,0;45,0;100,25;88,5;90,75;0;1;6;1;1;0;0;0;1;0;1;0;11,75;1;0;0;0;0;1;0;1;0;G12;1;1;12
7,0;15,0;14,0;16,0;37,0;45,0;100,50;89,0;93,50;0;1;6;0;1;0;0;0;1;0;1;0;11,50;0;0;0;0;0;1;0;0;0;G12;1;1;12
8,0;9,0;13,0;13,0;32,5;35,0;86,75;75,5;78,75;0;0;6;1;1;0;0;0;1;0;1;0;11,25;1;0;0;0;0;1;0;1;0;G12;1;1;12
15,0;12,0;14,0;15,0;33,5;44,0;100,25;89,5;88,25;0;1;6;1;0;0;0;0;1;1;0;0;10,75;1;0;0;0;0;1;0;0;1;G13;1;0;13
15,0;14,0;14,0;10,0;34,0;43,0;98,00;87,0;88,00;0;1;6;0;0;0;0;0;1;1;0;0;11,00;1;0;0;0;0;1;0;0;1;G13;1;0;13
13,5;7,5;6,5;0,0;40,0;27,5;78,25;67,5;78,25;0;0;6;0;0;0;0;0;1;1;0;0;10,75;1;0;0;0;0;1;0;0;1;G13;1;0;13
7,0;15,0;15,0;14,0;29,5;44,0;92,50;80,5;85,50;0;0;6;0;0;0;0;0;1;1;0;0;12,00;1;0;0;0;0;1;0;0;1;G13;1;0;13
12,0;10,0;5,5;6,0;24,5;28,0;68,50;58,0;63,00;0;1;6;1;0;0;0;0;1;1;0;0;10,50;1;0;0;0;0;1;0;0;1;G13;1;0;13
4,5;15,0;15,0;14,5;34,0;44,5;94,50;83,0;90,00;0;0;6;1;1;0;0;0;1;1;0;0;11,50;1;0;0;0;0;1;0;0;1;G13;1;0;13
9,5;7,0;5,0;8,0;40,0;24,5;80,75;69,5;75,75;0;1;6;1;0;0;0;0;1;1;0;0;11,25;1;0;0;0;0;1;0;0;1;G13;1;0;13
3,5;0,0;0,0;0,0;40,0;3,5;53,50;43,5;53,50;0;1;6;1;0;0;0;0;1;1;0;0;10,00;1;0;0;0;0;1;0;0;1;G13;1;0;13
15,5;13,0;13,0;9,0;29,5;41,5;91,00;80,0;82,00;0;0;6;1;1;0;0;0;1;1;0;0;11,00;1;0;0;0;0;1;0;0;1;G13;1;0;13
0,0;9,5;0,0;1,0;40,0;10,5;60,00;50,5;60,00;0;1;6;1;0;0;0;0;1;1;0;0;9,50;0;0;0;0;0;1;0;0;0;G13;1;0;13
8,0;6,5;11,0;11,0;23,5;30,0;70,25;60,0;63,75;0;0;6;1;1;0;0;0;1;1;0;0;10,25;0;0;0;0;0;1;0;0;0;G13;1;0;13
12,0;1,5;13,0;16,0;31,0;41,0;85,50;73,5;84,00;0;0;6;1;1;0;0;0;1;1;0;0;12,00;1;0;0;0;0;1;0;0;1;G13;1;0;13
14,0;14,5;14,0;15,0;35,5;43,5;104,50;93,0;90,50;0;1;6;1;1;0;0;0;1;1;0;0;11,50;1;0;0;0;0;1;0;0;1;G13;1;0;13
11,0;11,0;10,5;13,0;32,5;35,0;89,08;78,0;78,58;0;0;6;1;1;0;0;0;1;1;0;0;11,08;1;0;0;0;0;1;0;0;1;G13;1;0;13
3,0;9,0;9,0;0,0;0,0;21,0;29,00;21,0;29,00;0;1;6;1;1;0;0;0;1;1;0;0;8,00;1;0;0;0;0;1;0;0;1;G13;1;0;13
1,5;5,5;7,0;8,0;20,5;20,5;53,50;42,5;52,00;0;0;6;0;0;0;0;0;1;1;0;0;11,00;1;0;0;0;0;1;0;0;1;G13;1;0;13
6,5;7,5;10,0;6,5;25,0;24,0;66,25;55,5;59,75;0;1;6;1;1;0;0;0;1;1;0;0;10,75;0;0;0;0;0;1;0;0;0;G13;1;0;13
10,0;3,0;12,0;13,5;34,0;35,5;83,50;72,5;80,50;0;1;6;1;1;0;0;0;1;1;0;0;11,00;0;0;0;0;0;1;0;0;0;G13;1;0;13
16,0;11,0;16,0;15,5;34,0;47,5;104,50;92,5;93,50;0;0;6;1;0;0;0;0;1;1;0;0;12,00;0;0;0;0;0;1;0;0;0;G13;1;0;13
7,0;3,0;13,5;5,0;16,0;25,5;54,08;44,5;51,08;0;0;6;1;1;0;1;0;0;0;0;1;9,58;0;0;0;0;0;1;0;0;0;G14;0;0;14
16,0;13,0;16,0;10,0;32,5;45,0;99,50;87,5;89,50;0;0;6;0;1;0;1;0;0;0;0;1;12,00;0;0;0;0;0;1;0;0;0;G14;0;0;14
11,0;9,0;10,0;8,0;27,5;30,0;76,50;65,5;68,50;0;1;6;1;0;0;1;0;0;0;0;1;11,00;1;0;0;0;0;1;0;0;0;G14;0;0;14
0,0;5,5;12,0;11,0;26,0;28,5;65,50;54,5;65,50;0;0;6;1;1;0;1;0;0;0;0;1;11,00;0;0;0;0;0;1;0;0;0;G14;0;0;14
11,0;11,0;16,0;15,0;31,0;42,0;94,58;84,0;83,58;0;0;6;0;0;0;1;0;0;0;0;1;10,58;0;0;0;0;0;1;0;0;0;G14;0;0;14
12,0;15,0;8,0;10,0;31,0;37,0;87,00;76,0;79,00;0;0;6;1;0;0;1;0;0;0;0;1;11,00;1;0;0;0;0;1;0;0;0;G14;0;0;14
13,5;11,5;10,0;15,0;37,0;40,0;98,75;87,0;88,75;0;0;6;1;0;0;1;0;0;0;0;1;11,75;1;0;0;0;0;1;0;0;0;G14;0;0;14
16,0;6,0;16,0;14,0;34,0;46,0;97,50;86,0;91,50;0;0;6;0;1;0;1;0;0;0;0;1;11,50;1;0;0;0;0;1;0;0;0;G14;0;0;14
11,5;4,0;11,5;9,0;28,0;32,0;74,25;64,0;70,25;0;0;6;1;1;0;1;0;0;0;0;1;10,25;1;0;0;0;0;1;0;0;0;G14;0;0;14
10,5;8,0;13,5;15,0;29,5;39,0;88,50;76,5;80,50;0;0;6;1;1;0;1;0;0;0;0;1;12,00;1;0;0;0;0;1;0;0;0;G14;0;0;14
5,0;9,5;8,0;8,0;23,5;25,5;64,42;54,0;59,42;0;1;6;0;0;0;1;0;0;0;0;1;10,42;0;0;0;0;0;1;0;0;0;G14;0;0;14
0,0;1,0;0,0;0,0;0,0;1,0;4,00;1,0;4,00;0;1;6;1;1;0;1;0;0;0;0;1;3,00;0;0;0;0;0;1;0;0;0;G14;0;0;14
11,0;11,0;9,5;13,0;32,5;35,0;87,08;77,0;77,58;0;0;6;1;1;0;1;0;0;0;0;1;10,08;1;0;0;0;0;1;0;0;0;G14;0;0;14
9,0;2,0;10,0;0,0;0,0;21,0;27,67;21,0;27,67;0;0;6;1;1;0;1;0;0;0;0;1;6,67;1;0;0;0;0;1;0;0;0;G14;0;0;14
1,0;0,0;0,0;0,0;0,0;1,0;10,75;1,0;10,75;0;1;6;0;0;0;1;0;0;0;0;1;9,75;0;0;0;0;0;1;0;0;0;G14;0;0;14
9,5;5,0;10,0;9,5;25,0;29,0;69,00;59,0;64,00;0;0;6;1;0;0;1;0;0;0;0;1;10,00;1;0;0;0;0;1;0;0;0;G14;0;0;14
15,0;11,5;15,0;10,0;34,0;41,5;97,50;85,5;87,50;0;1;6;0;0;0;1;0;0;0;0;1;12,00;1;0;0;0;0;1;0;0;0;G14;0;0;14
8,0;6,5;8,5;12,0;26,0;28,5;72,25;61,0;65,75;0;0;6;1;1;0;1;0;0;0;0;1;11,25;1;0;0;0;0;1;0;0;0;G14;0;0;14
5,5;9,5;8,0;9,0;29,0;26,5;71,08;61,0;65,58;0;0;6;1;1;0;1;0;0;0;0;1;10,08;0;0;0;0;0;1;0;0;0;G14;0;0;14
11,0;2,0;10,0;10,0;23,5;31,0;67,25;56,5;65,25;0;1;6;1;1;0;1;0;0;0;0;1;10,75;1;0;0;0;0;1;0;0;0;G14;0;0;14
11,5;6,5;13,0;6,0;26,5;31,0;75,25;63,5;69,25;0;0;6;1;0;0;1;0;0;0;0;1;11,75;1;0;0;0;0;1;0;0;0;G14;0;0;14
9,5;5,0;8,0;14,0;26,5;31,5;74,00;63,0;69,00;0;1;6;0;1;0;1;0;0;0;0;1;11,00;0;0;0;0;0;1;0;0;0;G14;0;0;14
12,0;11,0;14,5;16,0;34,0;42,5;99,00;87,5;88,00;0;0;6;1;1;0;1;0;0;0;0;1;11,50;1;0;0;0;0;1;0;0;0;G14;0;0;14
14,0;4,5;11,5;15,0;30,5;40,5;87,50;75,5;83,00;0;1;6;1;0;0;1;0;0;0;0;1;12,00;0;0;0;0;0;1;0;0;0;G14;0;0;14
14,0;3,5;14,5;14,0;34,0;42,5;89,50;80,0;86,00;0;0;5;1;0;0;1;0;0;0;0;1;9,50;1;0;0;0;1;0;0;0;0;G11;0;0;11
13,0;12,5;10,5;12,0;23,5;37,5;80,50;71,5;70,00;0;1;5;0;1;0;1;0;0;0;0;1;9,00;0;0;0;0;1;0;0;0;0;G11;0;0;11
10,5;8,5;15,5;8,0;24,5;34,5;77,50;67,0;69,50;0;1;5;1;1;0;1;0;0;0;0;1;10,50;1;0;0;0;1;0;0;0;0;G11;0;0;11
13,0;6,0;12,5;7,5;29,0;33,0;77,25;68,0;71,25;0;0;5;0;1;0;1;0;0;0;0;1;9,25;0;0;0;0;1;0;0;0;0;G11;0;0;11
16,0;15,0;10,5;16,0;25,5;47,0;93,75;83,0;83,25;0;1;5;0;0;0;1;0;0;0;0;1;10,75;1;0;0;0;1;0;0;0;0;G11;0;0;11
13,0;10,0;11,5;9,5;25,0;34,5;80,25;69,0;70,75;0;1;5;1;1;0;1;0;0;0;0;1;11,25;1;0;0;0;1;0;0;0;0;G11;0;0;11
10,0;0,0;12,0;4,0;28,0;26,0;64,00;54,0;64,00;0;0;5;1;1;0;1;0;0;0;0;1;10,00;1;0;0;0;1;0;0;0;0;G11;0;0;11
9,5;5,5;6,0;6,0;21,5;21,5;58,17;48,5;52,67;0;0;5;1;1;0;1;0;0;0;0;1;9,67;0;0;0;0;1;0;0;0;0;G11;0;0;11
12,0;8,5;8,5;11,0;30,5;31,5;81,00;70,5;72,50;0;1;5;1;1;0;1;0;0;0;0;1;10,50;0;0;0;0;1;0;0;0;0;G11;0;0;11
12,0;9,0;11,0;16,0;32,5;39,0;91,00;80,5;82,00;0;0;5;1;1;0;1;0;0;0;0;1;10,50;1;0;0;0;1;0;0;0;0;G11;0;0;11
14,5;8,5;8,5;15,5;26,5;38,5;83,25;73,5;74,75;0;1;5;1;1;0;1;0;0;0;0;1;9,75;1;0;0;0;1;0;0;0;0;G11;0;0;11
14,5;12,5;12,5;3,0;26,5;39,5;79,50;69,0;76,50;0;0;5;1;1;0;1;0;0;0;0;1;10,50;0;0;0;0;1;0;0;0;0;G11;0;0;11
8,0;2,0;6,0;13,5;19,0;27,5;60,00;48,5;58,00;0;0;5;1;1;0;1;0;0;0;0;1;11,50;1;0;0;0;1;0;0;0;0;G11;0;0;11
7,5;12,5;9,0;14,0;26,0;35,5;80,00;69,0;72,50;0;0;5;1;1;0;1;0;0;0;0;1;11,00;1;0;0;0;1;0;0;0;0;G11;0;0;11
12,5;7,5;15,0;10,5;31,0;38,0;87,92;76,5;80,42;0;0;5;0;1;0;1;0;0;0;0;1;11,42;1;0;0;0;1;0;0;0;0;G11;0;0;11
13,0;11,0;11,0;8,0;25,0;35,0;78,08;68,0;70,08;0;0;5;1;1;0;1;0;0;0;0;1;10,08;0;0;0;0;1;0;0;0;0;G11;0;0;11
9,0;8,5;9,0;0,0;21,5;26,5;57,75;48,0;57,75;0;0;5;1;0;0;1;0;0;0;0;1;9,75;1;0;0;0;1;0;0;0;0;G11;0;0;11
11,5;6,5;12,5;9,0;0,0;33,0;49,25;39,5;42,75;0;0;5;1;1;0;1;0;0;0;0;1;9,75;1;0;0;0;1;0;0;0;0;G11;0;0;11
15,0;6,0;9,5;9,0;26,0;33,5;75,50;65,5;69,50;0;1;5;1;1;0;1;0;0;0;0;1;10,00;0;0;0;0;1;0;0;0;0;G11;0;0;11
13,0;8,5;9,5;13,5;24,5;36,0;79,58;69,0;71,08;0;1;5;1;1;0;1;0;0;0;0;1;10,58;0;0;0;0;1;0;0;0;0;G11;0;0;11
0,0;7,5;4,0;5,0;0,0;16,5;25,00;16,5;25,00;0;0;5;1;1;0;1;0;0;1;0;0;8,50;1;0;0;0;1;0;0;0;1;G10;1;0;10
0,0;1,0;0,0;0,0;0,0;1,0;3,75;1,0;3,75;0;0;5;1;0;0;1;0;0;1;0;0;2,75;0;0;0;0;1;0;0;0;0;G10;1;0;10
14,5;14,5;13,0;13,5;25,0;42,5;91,25;80,5;78,25;0;1;5;1;1;0;1;0;0;1;0;0;10,75;1;0;0;0;1;0;0;0;1;G10;1;0;10
11,0;4,5;7,0;6,0;18,5;24,0;57,50;47,0;53,00;0;0;5;1;1;0;1;0;0;1;0;0;10,50;0;0;0;0;1;0;0;0;0;G10;1;0;10
8,0;7,5;8,5;8,5;17,5;25,0;61,75;50,0;54,25;0;1;5;1;1;0;1;0;0;1;0;0;11,75;0;0;0;0;1;0;0;0;0;G10;1;0;10
5,0;11,5;8,5;4,5;29,0;25,0;69,33;58,5;64,83;0;0;5;1;1;0;1;0;0;1;0;0;10,83;1;0;0;0;1;0;0;0;1;G10;1;0;10
16,0;12,0;12,5;8,5;29,5;40,5;88,67;78,5;80,17;0;1;5;1;1;0;1;0;0;1;0;0;10,17;1;0;0;0;1;0;0;0;1;G10;1;0;10
12,0;2,5;0,0;0,0;0,0;14,5;20,92;14,5;20,92;0;0;5;1;1;0;1;0;0;1;0;0;6,42;0;0;0;0;1;0;0;0;0;G10;1;0;10
11,0;11,5;12,5;9,5;28,0;35,0;81,50;72,5;72,00;0;1;5;1;1;0;1;0;0;1;0;0;9,00;0;0;0;0;1;0;0;0;0;G10;1;0;10
13,0;12,0;14,0;16,0;32,5;43,0;99,25;87,5;87,25;0;0;5;0;1;0;1;0;0;1;0;0;11,75;1;0;0;0;1;0;0;0;1;G10;1;0;10
13,5;14,5;8,5;8,0;29,5;36,5;85,50;74,0;77,50;0;0;5;1;0;0;1;0;0;1;0;0;11,50;1;0;0;0;1;0;0;0;1;G10;1;0;10
8,0;7,5;5,0;4,0;21,5;20,5;57,00;46,0;53,00;0;1;5;1;1;0;1;0;0;1;0;0;11,00;0;0;0;0;1;0;0;0;0;G10;1;0;10
7,5;3,5;6,0;2,0;0,0;17,0;24,50;19,0;22,50;0;0;5;1;1;0;1;0;0;1;0;0;5,50;1;0;0;0;1;0;0;0;1;G10;1;0;10
14,0;7,0;15,0;14,5;35,5;43,5;97,50;86,0;90,50;0;1;5;1;1;0;1;0;0;1;0;0;11,50;0;0;0;0;1;0;0;0;0;G10;1;0;10
14,0;10,5;11,0;4,5;23,5;35,5;74,00;63,5;69,50;0;0;5;1;0;0;1;0;0;1;0;0;10,50;0;0;0;0;1;0;0;0;0;G10;1;0;10
12,0;2,5;12,0;7,5;25,0;31,5;68,00;59,0;65,50;0;1;5;1;1;0;1;0;0;1;0;0;9,00;0;0;0;0;1;0;0;0;0;G10;1;0;10
12,0;7,0;10,0;8,0;31,0;30,0;79,75;68,0;72,75;0;1;5;1;1;0;1;0;0;1;0;0;11,75;0;0;0;0;1;0;0;0;0;G10;1;0;10
13,0;11,5;11,0;12,0;28,0;36,5;86,50;75,5;75,50;0;1;5;1;1;0;1;0;0;1;0;0;11,00;1;0;0;0;1;0;0;0;1;G10;1;0;10
11,5;12,5;11,0;5,5;22,0;35,0;73,50;62,5;68,00;0;0;5;1;1;0;1;0;0;1;0;0;11,00;0;0;0;0;1;0;0;0;0;G10;1;0;10
11,0;0,5;8,5;2,0;40,0;21,5;72,00;62,0;71,50;0;0;5;1;1;0;1;0;0;1;0;0;10,00;0;0;0;0;1;0;0;0;0;G10;1;0;10
13,0;10,5;8,5;11,0;31,0;34,5;85,75;74,0;77,25;0;0;5;1;0;0;1;0;0;1;0;0;11,75;1;0;0;0;1;0;0;0;1;G10;1;0;10
9,0;3,0;3,0;2,0;28,0;15,0;55,83;45,0;53,83;0;1;5;0;1;0;1;0;0;1;0;0;10,83;1;0;0;0;1;0;0;0;1;G10;1;0;10
13,5;15,5;15,0;15,0;34,0;45,5;104,50;93,0;91,00;0;1;5;1;1;0;1;0;0;0;1;0;11,50;1;0;0;0;1;0;0;1;0;G09;1;1;9
12,5;8,5;9,0;11,0;24,5;32,5;77,25;65,5;68,75;0;0;5;0;1;0;1;0;0;0;1;0;11,75;1;0;0;0;1;0;0;1;0;G09;1;1;9
14,0;11,5;16,0;8,0;31,0;41,5;91,25;80,5;83,25;0;1;5;1;1;0;1;0;0;0;1;0;10,75;0;0;0;0;1;0;0;0;0;G09;1;1;9
14,0;4,0;12,0;12,0;23,5;38,0;76,50;65,5;72,50;0;1;5;1;1;0;1;0;0;0;1;0;11,00;1;0;0;0;1;0;0;1;0;G09;1;1;9
14,5;6,5;11,0;9,5;32,5;35,0;83,42;74,0;76,92;0;1;5;1;1;0;1;0;0;0;1;0;9,42;0;0;0;0;1;0;0;0;0;G09;1;1;9
15,0;12,5;12,0;15,0;29,5;42,5;95,25;84,0;83,25;0;0;5;1;0;0;1;0;0;0;1;0;11,25;1;0;0;0;1;0;0;1;0;G09;1;1;9
14,5;16,0;13,0;13,5;29,0;44,0;97,83;86,0;84,83;0;1;5;1;1;0;1;0;0;0;1;0;11,83;1;0;0;0;1;0;0;1;0;G09;1;1;9
14,0;10,0;12,0;10,0;29,5;36,0;87,25;75,5;77,25;0;0;5;1;0;0;1;0;0;0;1;0;11,75;0;0;0;0;1;0;0;0;0;G09;1;1;9
14,5;12,0;15,0;13,0;29,5;42,5;95,00;84,0;83,00;0;1;5;1;0;0;1;0;0;0;1;0;11,00;1;0;0;0;1;0;0;1;0;G09;1;1;9
11,0;8,0;12,0;11,0;28,0;34,0;79,75;70,0;71,75;0;0;5;1;1;0;1;0;0;0;1;0;9,75;0;0;0;0;1;0;0;0;0;G09;1;1;9
6,5;5,5;14,0;0,0;28,0;26,0;65,25;54,0;65,25;0;1;5;1;1;0;1;0;0;0;1;0;11,25;0;0;0;0;1;0;0;0;0;G09;1;1;9
16,0;13,5;10,5;9,0;29,5;40,0;90,50;78,5;81,50;0;1;5;0;1;0;1;0;0;0;1;0;12,00;1;0;0;0;1;0;0;1;0;G09;1;1;9
14,0;3,5;10,5;12,0;29,0;36,5;80,75;69,0;77,25;0;1;5;1;0;0;1;0;0;0;1;0;11,75;0;0;0;0;1;0;0;0;0;G09;1;1;9
14,5;7,5;13,0;13,0;34,0;40,5;94,00;82,0;86,50;0;1;5;1;0;0;1;0;0;0;1;0;12,00;1;0;0;0;1;0;0;1;0;G09;1;1;9
13,0;1,0;13,0;13,0;27,5;39,0;78,75;67,5;77,75;0;0;5;1;1;0;1;0;0;0;1;0;11,25;1;0;0;0;1;0;0;1;0;G09;1;1;9
12,5;13,5;10,5;5,5;26,5;36,5;79,50;68,5;74,00;0;0;5;0;1;0;1;0;0;0;1;0;11,00;1;0;0;0;1;0;0;1;0;G09;1;1;9
12,5;15,5;10,5;14,0;35,5;42,0;97,58;88,0;87,08;0;0;5;1;1;0;1;0;0;0;1;0;9,58;0;0;0;0;1;0;0;0;0;G09;1;1;9
15,0;9,5;13,5;12,0;34,0;40,5;95,00;84,0;85,50;0;0;5;1;1;0;1;0;0;0;1;0;11,00;0;0;0;0;1;0;0;0;0;G09;1;1;9
10,5;5,0;3,5;4,5;26,0;20,0;59,92;49,5;56,42;0;0;5;1;0;0;1;0;0;0;1;0;10,42;1;0;0;0;1;0;0;1;0;G09;1;1;9
13,5;6,5;14,0;13,0;29,5;40,5;87,83;76,5;81,33;0;1;5;1;1;0;1;0;0;0;1;0;11,33;1;0;0;0;1;0;0;1;0;G09;1;1;9
16,0;11,0;12,0;10,0;29,5;39,0;90,08;78,5;80,08;0;1;5;0;0;0;1;0;0;0;1;0;11,58;0;0;0;0;1;0;0;0;0;G09;1;1;9
11,5;14,5;10,0;0,0;40,0;36,0;86,75;76,0;86,75;0;1;5;1;1;0;1;0;0;0;1;0;10,75;1;0;0;0;1;0;0;1;0;G09;1;1;9
9,0;4,0;10,5;9,0;31,0;28,5;73,25;63,5;69,25;0;0;5;1;1;0;1;0;0;0;1;0;9,75;1;0;0;0;1;0;0;1;0;G09;1;1;9
13,0;11,5;11,5;10,0;28,0;36,0;84,75;74,0;74,75;0;1;5;0;1;0;1;0;0;0;1;0;10,75;0;0;0;0;1;0;0;0;0;G09;1;1;9
11,0;10,0;14,0;11,5;20,5;36,5;78,17;67,0;68,17;0;1;5;0;1;0;1;0;0;0;1;0;11,17;1;0;0;0;1;0;0;1;0;G09;1;1;9
15,0;13,5;11,0;14,0;32,5;42,5;97,25;86,0;86,25;0;0;5;1;0;0;1;0;0;0;1;0;11,25;0;0;0;0;1;0;0;0;0;G09;1;1;9
10,0;7,0;13,0;0,0;23,5;30,0;64,50;53,5;64,50;1;0;7;1;0;0;0;0;1;0;0;1;11,00;0;0;0;0;0;0;1;0;0;Székesfehérvár;0;0;15
10,0;12,0;9,0;9,0;21,0;31,0;72,75;61,0;63,75;1;0;7;0;0;0;0;0;1;0;0;1;11,75;1;0;0;0;0;0;1;0;0;Székesfehérvár;0;0;15
9,0;10,0;11,0;5,5;18,5;30,0;64,75;54,0;59,25;1;0;7;1;0;0;0;0;1;0;0;1;10,75;1;0;0;0;0;0;1;0;0;Székesfehérvár;0;0;15
6,0;11,0;5,0;10,0;20,0;27,0;62,75;52,0;57,75;1;0;7;1;0;0;0;0;1;0;0;1;10,75;1;0;0;0;0;0;1;0;0;Székesfehérvár;0;0;15
5,0;5,5;3,0;5,0;17,0;15,5;45,50;35,5;42,50;1;0;7;1;1;0;0;0;1;0;0;1;10,00;0;0;0;0;0;0;1;0;0;Székesfehérvár;0;0;15
9,5;11,5;14,0;16,0;31,0;41,5;93,25;82,0;83,75;1;1;7;1;1;0;0;0;1;0;0;1;11,25;0;0;0;0;0;0;1;0;0;Székesfehérvár;0;0;15
0,0;5,0;6,0;0,0;0,0;11,0;21,50;11,0;21,50;1;0;7;1;0;0;0;0;1;0;0;1;10,50;0;0;0;0;0;0;1;0;0;Székesfehérvár;0;0;15
11,0;6,0;0,0;8,0;23,0;25,0;57,50;48,0;57,50;1;0;7;1;0;0;0;0;1;0;0;1;9,50;1;0;0;0;0;0;1;0;0;Székesfehérvár;0;0;15
4,0;0,0;0,0;0,0;0,0;4,0;13,00;4,0;13,00;1;0;7;1;1;0;0;0;1;0;0;1;9,00;1;0;0;0;0;0;1;0;0;Székesfehérvár;0;0;15
7,0;9,0;7,0;11,0;12,0;27,0;56,42;46,0;49,42;1;0;7;1;0;0;0;0;1;0;0;1;10,42;1;0;0;0;0;0;1;0;0;Székesfehérvár;0;0;15
12,0;9,5;13,0;16,0;27,5;41,0;90,00;78,0;80,50;1;0;7;0;0;0;0;0;1;0;0;1;12,00;0;0;0;0;0;0;1;0;0;Székesfehérvár;0;0;15
10,0;10,0;8,0;14,0;20,5;34,0;73,25;62,5;65,25;1;0;7;0;1;0;0;0;1;0;0;1;10,75;0;0;0;0;0;0;1;0;0;Székesfehérvár;0;0;15
4,0;0,0;0,0;0,0;0,0;4,0;8,00;4,0;8,00;1;0;7;0;0;0;0;0;1;0;0;1;4,00;1;0;0;0;0;0;1;0;0;Székesfehérvár;0;0;15
7,5;9,0;0,0;0,0;0,0;16,5;25,75;16,5;25,75;1;0;7;1;1;0;0;0;1;0;0;1;9,25;0;0;0;0;0;0;1;0;0;Székesfehérvár;0;0;15
12,0;6,5;15,0;14,0;24,5;41,0;83,25;72,0;76,75;1;0;7;0;0;0;0;0;1;0;0;1;11,25;0;0;0;0;0;0;1;0;0;Székesfehérvár;0;0;15
6,0;5,0;7,0;10,0;19,0;23,0;58,50;47,0;53,50;1;0;7;0;1;0;0;0;1;0;0;1;11,50;1;0;0;0;0;0;1;0;0;Székesfehérvár;0;0;15
4,0;0,0;0,0;0,0;0,0;4,0;6,75;4,0;6,75;1;1;7;1;0;0;0;0;1;0;0;1;2,75;0;0;0;0;0;0;1;0;0;Székesfehérvár;0;0;15
4,0;0,0;4,5;5,0;0,0;13,5;23,25;13,5;23,25;1;1;7;1;0;0;0;0;1;0;0;1;9,75;1;0;0;0;0;0;1;0;0;Székesfehérvár;0;0;15
9,0;9,5;8,0;0,0;26,5;26,5;63,50;53,0;63,50;1;1;7;0;0;0;0;0;1;0;0;1;10,50;1;0;0;0;0;0;1;0;0;Székesfehérvár;0;0;15
10,0;7,0;11,5;11,0;26,0;32,5;76,25;65,5;69,25;1;0;7;0;0;0;0;0;1;0;0;1;10,75;0;0;0;0;0;0;1;0;0;Székesfehérvár;0;0;15
3,0;3,0;5,0;9,5;18,5;17,5;48,00;39,0;45,00;1;0;7;0;1;0;0;0;1;0;0;1;9,00;0;0;0;0;0;0;1;0;0;Székesfehérvár;0;0;15
10,0;10,0;15,0;14,5;26,5;39,5;87,25;76,0;77,25;1;0;7;0;0;0;0;0;1;0;0;1;11,25;0;0;0;0;0;0;1;0;0;Székesfehérvár;0;0;15
11,0;6,0;15,0;14,0;28,0;40,0;85,25;74,0;79,25;1;1;7;0;0;0;0;0;1;0;0;1;11,25;0;0;0;0;0;0;1;0;0;Székesfehérvár;0;0;15
13,5;6,5;15,0;14,0;22,0;42,5;82,75;71,0;76,25;1;0;7;1;1;0;0;0;1;0;0;1;11,75;1;0;0;0;0;0;1;0;0;Székesfehérvár;0;0;15
8,0;15,0;0,0;13,0;27,5;36,0;75,50;63,5;75,50;1;1;7;1;0;0;0;0;1;0;0;1;12,00;0;0;0;0;0;0;1;0;0;Székesfehérvár;0;0;15
15,0;14,0;13,0;16,0;28,0;45,0;96,75;86,0;83,75;1;0;7;0;0;0;0;0;1;0;0;1;10,75;1;0;0;0;0;0;1;0;0;Székesfehérvár;0;0;15
2,0;9,0;4,0;0,0;0,0;15,0;21,25;15,0;21,25;1;0;7;0;0;0;0;0;1;0;0;1;6,25;1;0;0;0;0;0;1;0;0;Székesfehérvár;0;0;15
13,0;12,0;15,5;16,0;35,5;44,5;103,50;92,0;91,50;1;0;7;1;0;0;0;0;1;0;0;1;11,50;0;0;0;0;0;0;1;0;0;Székesfehérvár;0;0;15
3,0;10,0;2,0;8,5;9,5;21,5;43,67;33,0;41,67;1;0;7;0;0;0;0;0;1;0;0;1;10,67;1;0;0;0;0;0;1;0;0;Székesfehérvár;0;0;15
3,0;7,0;9,5;3,5;17,0;20,0;50,75;40,0;47,75;1;0;7;1;0;0;0;0;1;0;0;1;10,75;0;0;0;0;0;0;1;0;0;Székesfehérvár;0;0;15
7,5;4,0;9,0;11,0;17,0;27,5;59,50;48,5;55,50;1;0;7;1;0;0;0;0;1;0;0;1;11,00;0;0;0;0;0;0;1;0;0;Székesfehérvár;0;0;15
