test1;test2;test3;test4;total_score;total_score_without_hw;final_score;d_campus;d_mothereduc_uni;d_derivation;time_slot_tuesday;time_slot_wednesday;time_slot_thursday;time_slot_friday;treatment_gain;treatment_loss;treatment_hybrid;homework_total;semester_tests;final_test;d_female;d_okt2;d_okt3;d_okt4;d_okt5;d_okt6;d_okt7;Group;female_loss;female_hybrid;macro_interest;macro_grade_goal;risk_pref;comp_pref;time_pref
12;15;16;16;103,5;91,5;91,5;0;0;1;1;0;0;0;0;1;0;12;47;32,5;1;0;0;0;0;0;1;1;1;0;3;5;5;8;12.000 forint
9;8;14,5;10;80,67;69,5;72,67;0;1;0;1;0;0;0;0;1;0;11,17;33,5;28;0;0;0;0;0;0;1;1;0;0;5;5;4;6;15.000 forint
13;14,5;13;15;102,5;91;89,5;0;1;1;1;0;0;0;0;1;0;11,5;42,5;35,5;1;0;0;0;0;0;1;1;1;0;4;5;6;1;15.000 forint
7;7;14;11,5;78,5;69;71,5;0;1;1;1;0;0;0;0;1;0;9,5;32,5;29,5;1;0;0;0;0;0;1;1;1;0;3;5;7;4;15.000 forint
11;15;12;10;88,5;79;78,5;0;1;1;1;0;0;0;0;1;0;9,5;38;31;1;0;0;0;0;0;1;1;1;0;2;5;4;6;11.000 forint
15;16;15,5;16;105,25;93,5;90,25;0;1;0;1;0;0;0;0;1;0;11,75;47,5;31;1;0;0;0;0;0;1;1;1;0;4;5;5;8;15.000 forint
4;13;10,5;15;86;74,5;82;0;1;0;1;0;0;0;0;1;0;11,5;38,5;32;1;0;0;0;0;0;1;1;1;0;3;4;3;3;15.000 forint
15;14;16;15,5;105;93;91;0;0;0;1;0;0;0;0;1;0;12;46,5;32,5;1;0;0;0;0;0;1;1;1;0;3;5;2;5;11.000 forint
10;10,5;8;10;76,5;65;68,5;0;1;1;1;0;0;0;0;1;0;11,5;30,5;26,5;1;0;0;0;0;0;1;1;1;0;5;5;8;7;20.000 forint
13;14;13;15;103,5;92;90,5;0;1;1;1;0;0;0;0;1;0;11,5;42;37;1;0;0;0;0;0;1;1;1;0;3;4;6;8;12.000 forint
9;7;10,5;7,5;70,5;59;63,5;0;1;0;1;0;0;0;0;1;0;11,5;27;25;0;0;0;0;0;0;1;1;0;0;4;5;6;8;15.000 forint
12;14,5;13,5;12,5;98,25;86,5;86,25;0;1;1;1;0;0;0;0;1;0;11,75;40,5;34;0;0;0;0;0;0;1;1;0;0;4;5;6;8;11.000 forint
13;9,5;9,5;10;76,25;65;66,75;0;1;1;1;0;0;0;0;1;0;11,25;32,5;23;1;0;0;0;0;0;1;1;1;0;5;5;7;5;20.000 forint
12;13;16;11;95,5;84,5;84,5;0;0;0;1;0;0;0;0;1;0;11;41;32,5;0;0;0;0;0;0;1;1;0;0;4;5;6;6;15.000 forint
11;12;15;14;95,83;84,5;84,83;0;1;1;1;0;0;0;0;1;0;11,33;41;32,5;0;0;0;0;0;0;1;1;0;0;3;5;7;7;15.000 forint
11;4;5,5;16;61,33;50,5;57,33;0;0;0;1;0;0;0;0;1;0;10,83;32,5;14;0;0;0;0;0;0;1;1;0;0;4;5;9;6;20.000 forint
6;11;15,5;10;81,75;70,5;75,75;0;1;1;1;0;0;0;0;1;0;11,25;36,5;28;0;0;0;0;0;0;1;1;0;0;3;5;7;7;15.000 forint
11;14;9;13;84;73,5;75;0;0;0;1;0;0;0;0;1;0;10,5;38;26,5;0;0;0;0;0;0;1;1;0;0;3;5;9;5;11.000 forint
10;6;9;8;64,33;53,5;58,33;0;1;0;1;0;0;0;0;1;0;10,83;27;20,5;0;0;0;0;0;0;1;1;0;0;NA;5;7;9;15.000 forint
4;9,5;12,5;10;75,75;64;71,75;0;1;0;1;0;0;0;0;1;0;11,75;32;28;1;0;0;0;0;0;1;1;1;0;3;5;6;5;15.000 forint
9;7;7,5;3,5;61,83;50,5;58,33;0;1;1;1;0;0;0;0;1;0;11,33;23,5;23,5;1;0;0;0;0;0;1;1;1;0;4;5;6;5;20.000 forint
10.5;10,5;16;13;90,5;79,5;80;0;1;1;1;0;0;0;0;1;0;11;39,5;29,5;0;0;0;0;0;0;1;1;0;0;5;5;10;9;11.000 forint
13;13;8;9;78;66;70;0;1;1;1;0;0;0;0;1;0;12;35;23;0;0;0;0;0;0;1;1;0;0;4;5;9;8;15.000 forint
13;8,5;16;16;98,25;87,5;89,75;0;0;0;1;0;0;0;0;1;0;10,75;45;34;1;0;0;0;0;0;1;1;1;0;NA;5;7;7;20.000 forint
13.5;8,5;15;14;93,33;82;84,83;0;1;0;1;0;0;0;0;1;0;11,33;42,5;31;1;0;0;0;0;0;1;1;1;0;4;5;7;8;11.000 forint
7;14;12;13;84,75;74;77,75;0;1;1;1;0;0;0;0;1;0;10,75;39;28;0;0;0;0;0;0;1;1;0;0;4;5;7;9;15.000 forint
13;6,5;15,5;16;92,92;81,5;86,42;0;1;1;1;0;0;0;0;1;0;11,42;44,5;30,5;0;0;0;0;0;0;1;1;0;0;4;5;6;9;15.000 forint
8;10;11;6;65,25;54,5;59,25;0;1;1;1;0;0;0;0;1;0;10,75;29;19,5;1;0;1;0;0;0;0;4;1;0;4;5;5;5;11.000 forint
11.5;6;11;4;60,5;48,5;56,5;0;1;1;1;0;0;0;0;1;0;12;28,5;16;1;0;1;0;0;0;0;4;1;0;4;5;5;10;15.000 forint
6;6;0;0;61,75;52;61,75;0;1;0;1;0;0;0;0;1;0;9,75;12;40;0;0;1;0;0;0;0;4;0;0;4;5;7;8;11.000 forint
12.5;4;12;4;58;49;54;0;1;0;1;0;0;0;0;1;0;9;28,5;16,5;0;0;1;0;0;0;0;4;0;0;3;4;9;9;15.000 forint
5;8,5;14;16;77,75;67;72,75;0;1;0;1;0;0;0;0;1;0;10,75;38,5;23,5;0;0;1;0;0;0;0;4;0;0;3;5;8;5;20.000 forint
5.5;13,5;8;0;32,25;27;32,25;0;1;1;1;0;0;0;0;1;0;5,25;27;0;0;0;1;0;0;0;0;4;0;0;5;5;7;10;12.000 forint
6;14;11,5;8;76,65;67,5;70,65;0;0;1;1;0;0;0;0;1;0;9,15;33,5;28;1;0;1;0;0;0;0;4;1;0;3;5;8;9;20.000 forint
10;5;11,5;10;44,83;36,5;39,83;0;0;0;1;0;0;0;0;1;0;8,33;31,5;0;1;0;1;0;0;0;0;4;1;0;3;5;7;6;15.000 forint
8;5;12,5;10;59,25;49,5;54,25;0;1;0;1;0;0;0;0;1;0;9,75;30,5;14;1;0;1;0;0;0;0;4;1;0;3;5;4;6;12.000 forint
11;7;14;12;83,75;72;76,75;0;0;1;1;0;0;0;0;1;0;11,75;37;28;1;0;1;0;0;0;0;4;1;0;3;5;7;10;15.000 forint
8.5;12;11;10,5;74,25;63,5;65,75;0;1;0;1;0;0;0;0;1;0;10,75;33,5;21,5;1;0;1;0;0;0;0;4;1;0;4;5;6;5;11.000 forint
9;14,5;13;14;94,5;82,5;85,5;0;1;1;1;0;0;0;0;1;0;12;41,5;32;0;0;1;0;0;0;0;4;0;0;3;5;7;8;12.000 forint
2;5;0;0;56,5;47;56,5;0;0;1;1;0;0;0;0;1;0;9,5;7;40;0;0;1;0;0;0;0;4;0;0;5;5;6;6;12.000 forint
15;9,5;16;14;97;85,5;87,5;0;0;0;1;0;0;0;0;1;0;11,5;45;31;1;0;1;0;0;0;0;4;1;0;4;5;7;7;11.000 forint
9;4;11,5;9,5;42,25;34;38,25;0;1;1;1;0;0;0;0;1;0;8,25;30;0;0;0;1;0;0;0;0;4;0;0;2;4;8;9;15.000 forint
6;7;16;11;82,58;72,5;76,58;0;0;1;1;0;0;0;0;1;0;10,08;34;32,5;0;0;1;0;0;0;0;4;0;0;4;5;5;8;15.000 forint
5.5;9;11;15,5;89,25;79,5;83,75;0;0;1;1;0;0;0;0;1;0;9,75;35,5;38,5;1;0;1;0;0;0;0;4;1;0;2;5;6;3;15.000 forint
7;15;13;11;95,5;86;88,5;0;1;0;1;0;0;0;0;1;0;9,5;39;40;1;0;1;0;0;0;0;4;1;0;4;5;7;5;15.000 forint
8;6;6;3;57,67;47,5;54,67;0;1;1;1;0;0;0;0;1;0;10,17;20;24,5;1;0;1;0;0;0;0;4;1;0;2;3;7;5;12.000 forint
0.5;3;8,5;9,5;64,58;55,5;64,08;0;1;1;1;0;0;0;0;1;0;9,08;21;34;0;0;1;0;0;0;0;4;0;0;4;5;5;8;12.000 forint
10;16;15,5;11;94,5;83;84,5;0;1;1;1;0;0;0;0;1;0;11,5;42,5;30,5;0;0;1;0;0;0;0;4;0;0;3;5;6;6;20.000 forint
16;12;11,5;15;103,5;91,5;92;0;1;1;1;0;0;0;0;1;0;12;43;37;0;0;1;0;0;0;0;4;0;0;4;5;6;7;15.000 forint
9;11,5;11;14;87,75;76,5;78,75;0;1;1;1;0;0;0;0;1;0;11,25;36,5;31;0;0;1;0;0;0;0;4;0;0;3;5;2;8;11.000 forint
14;9,5;9,5;10;71,25;62;61,75;0;1;1;0;0;0;1;0;0;1;9,25;33,5;19;0;0;1;0;0;0;0;6;0;0;4;4;6;6;11.000 forint
11;13;15;12;88,25;77;77,25;0;0;1;0;0;0;1;0;0;1;11,25;40;26;0;0;1;0;0;0;0;6;0;0;NA;4;6;4;12.000 forint
12;13;10;10,5;77,25;65,5;67,25;0;0;0;0;0;0;1;0;0;1;11,75;35,5;20;0;0;1;0;0;0;0;6;0;0;4;5;7;7;11.000 forint
14;11;11;14,5;91;80;80;0;1;1;0;0;0;1;0;0;1;11;39,5;29,5;0;0;1;0;0;0;0;6;0;0;4;5;8;8;11.000 forint
6.5;3;0;0;60;49,5;60;0;1;1;0;0;0;1;0;0;1;10,5;9,5;40;0;0;1;0;0;0;0;6;0;0;4;5;7;9;12.000 forint
11;14;7;11;70,25;59;63,25;0;0;0;0;0;0;1;0;0;1;11,25;36;16;1;0;1;0;0;0;0;6;0;1;4;5;7;4;12.000 forint
13.5;13;0;0;32,5;26,5;32,5;0;0;1;0;0;0;1;0;0;1;6;26,5;0;0;0;1;0;0;0;0;6;0;0;4;4;7;8;15.000 forint
16;15;14;7;93,25;81,5;86,25;0;1;1;0;0;0;1;0;0;1;11,75;45;29,5;1;0;1;0;0;0;0;6;0;1;4;5;5;3;12.000 forint
14;12,5;14;0;77,75;66,5;77,75;0;1;1;0;0;0;1;0;0;1;11,25;40,5;26;1;0;1;0;0;0;0;6;0;1;2;5;10;10;11.000 forint
9;10;12;7;66,5;57;59,5;0;1;1;0;0;0;1;0;0;1;9,5;31;19;0;0;1;0;0;0;0;6;0;0;4;5;8;6;20.000 forint
15;12,5;16;15,5;100,75;91,5;88,25;0;1;0;0;0;0;1;0;0;1;9,25;46,5;32,5;1;0;1;0;0;0;0;6;0;1;4;5;3;7;12.000 forint
15.5;13,5;16;16;109,75;98;96,25;0;1;1;0;0;0;1;0;0;1;11,75;47,5;37;0;0;1;0;0;0;0;6;0;0;4;5;4;9;11.000 forint
7.5;7;9;2,5;60;49,5;57,5;0;1;0;0;0;0;1;0;0;1;10,5;23,5;23,5;0;0;1;0;0;0;0;6;0;0;4;5;8;5;11.000 forint
12;6;1;15;67,75;57;66,75;0;0;0;0;0;0;1;0;0;1;10,75;33;23;0;0;1;0;0;0;0;6;0;0;2;5;6;3;15.000 forint
10.5;11,5;7,5;7;73,5;61,5;66,5;0;1;0;0;0;0;1;1;0;0;12;29,5;25;1;0;1;0;0;0;0;7;0;0;2;4;10;0;11.000 forint
0;0;5;0;11,75;5;11,75;0;1;1;0;0;0;1;1;0;0;6,75;5;0;0;0;1;0;0;0;0;7;0;0;3;5;6;7;15.000 forint
6;15;11;11;71,5;62;65,5;0;0;1;0;0;0;1;1;0;0;9,5;37;19;1;0;1;0;0;0;0;7;0;0;3;5;6;7;12.000 forint
5;3;9;3;57,58;47,5;54,58;0;1;1;0;0;0;1;1;0;0;10,08;17;27,5;0;0;1;0;0;0;0;7;0;0;4;5;9;2;20.000 forint
16;16;14;15;106;95;92;0;1;1;0;0;0;1;1;0;0;11;47;34;0;0;1;0;0;0;0;7;0;0;5;5;8;7;12.000 forint
10;10,5;4;11,5;67;58;63;0;1;1;0;0;0;1;1;0;0;9;32;22;0;0;1;0;0;0;0;7;0;0;4;4;7;10;11.000 forint
14;12,5;16;0;49;42,5;49;0;1;0;0;0;0;1;1;0;0;6,5;42,5;0;0;0;1;0;0;0;0;7;0;0;3;4;5;6;11.000 forint
14;16;13;15;103,75;92;90,75;0;1;1;0;0;0;1;1;0;0;11,75;45;34;1;0;1;0;0;0;0;7;0;0;2;5;4;5;12.000 forint
9;4;9;7;59,83;50,5;55,83;0;1;1;0;0;0;1;1;0;0;9,33;25;21,5;0;0;1;0;0;0;0;7;0;0;4;5;7;9;12.000 forint
8;6;0;0;24,17;14;24,17;0;0;0;0;0;0;1;1;0;0;10,17;14;0;0;0;1;0;0;0;0;7;0;0;4;5;6;1;12.000 forint
12;13;13;10;84,25;74;74,25;0;1;1;0;0;0;1;1;0;0;10,25;38;26;0;0;1;0;0;0;0;7;0;0;3;5;9;8;11.000 forint
13;11,5;14;13;85;74,5;73,5;0;0;0;0;0;0;1;1;0;0;10,5;40;23;0;0;1;0;0;0;0;7;0;0;4;5;2;7;11.000 forint
8;2,5;8,5;8;60,5;51,5;58;0;1;0;0;0;0;1;1;0;0;9;24,5;24,5;0;0;1;0;0;0;0;7;0;0;4;5;7;10;20.000 forint
6.5;7,5;7;0;29,75;21;29,75;0;1;1;0;0;0;1;1;0;0;8,75;21;0;0;0;1;0;0;0;0;7;0;0;5;5;7;8;12.000 forint
7.5;7;7,5;9;41,75;31;34,75;0;1;1;0;0;0;1;1;0;0;10,75;24;0;0;0;1;0;0;0;0;7;0;0;4;5;9;8;11.000 forint
13;6;16;11;75,83;66;69,83;0;1;0;0;0;0;1;1;0;0;9,83;40;20;1;0;1;0;0;0;0;7;0;0;3;5;8;8;20.000 forint
13;6;14;13;86,75;75,5;80,75;0;1;1;0;0;0;1;1;0;0;11,25;40;29,5;1;0;1;0;0;0;0;7;0;0;5;5;6;8;20.000 forint
10.5;15;14;12;88;78;77,5;0;1;1;0;0;0;1;1;0;0;10;41;26,5;0;0;1;0;0;0;0;7;0;0;5;4;4;7;20.000 forint
13;14,5;13;11,5;96,5;86;85;0;1;1;0;0;0;1;1;0;0;10,5;40,5;34;0;0;1;0;0;0;0;7;0;0;3;5;3;5;12.000 forint
9.5;12;14,5;14;93,5;82;84;0;1;1;0;0;0;1;1;0;0;11,5;40,5;32;1;0;1;0;0;0;0;8;0;0;4;5;4;1;12.000 forint
14;8,5;8;6;67,5;58,5;61,5;0;0;1;0;0;0;1;1;0;0;9;30,5;22;0;0;1;0;0;0;0;8;0;0;3;4;5;3;11.000 forint
15;16;14,5;0;86;74,5;86;0;1;1;0;0;0;1;1;0;0;11,5;45,5;29;1;0;1;0;0;0;0;8;0;0;5;5;9;10;15.000 forint
13;10;14;0;67;56;67;0;1;1;0;0;0;1;1;0;0;11;37;19;1;0;1;0;0;0;0;8;0;0;3;5;6;8;15.000 forint
12;13;8;16;95,5;84;87,5;0;1;1;0;0;0;1;1;0;0;11,5;41;35;0;0;1;0;0;0;0;8;0;0;5;5;6;7;12.000 forint
0.5;5,5;11;10;59,5;49;59;0;1;0;0;0;0;1;1;0;0;10,5;26,5;22;1;0;1;0;0;0;0;8;0;0;4;4;6;9;15.000 forint
6.5;4;0;0;13,25;10,5;13,25;0;1;0;0;0;0;1;1;0;0;2,75;10,5;0;0;0;1;0;0;0;0;8;0;0;3;4;7;5;20.000 forint
12;11,5;13;10;76;65,5;66;0;1;0;0;0;0;1;1;0;0;10,5;36,5;19;0;0;1;0;0;0;0;8;0;0;2;5;5;8;20.000 forint
16;13,5;13;16;105;94;92;0;1;1;0;0;0;1;1;0;0;11;45,5;35,5;1;0;1;0;0;0;0;8;0;0;4;5;3;7;11.000 forint
8;11,5;8;8;45,5;35,5;37,5;0;1;0;0;0;0;1;1;0;0;10;27,5;0;1;0;1;0;0;0;0;8;0;0;2;5;6;4;15.000 forint
13;13;15;16;104,5;92,5;91,5;0;1;1;0;0;0;1;1;0;0;12;44;35,5;1;0;1;0;0;0;0;8;0;0;5;5;4;4;11.000 forint
5;7;6;0;52,5;41,5;52,5;0;1;1;0;0;0;1;1;0;0;11;18;23,5;0;0;1;0;0;0;0;8;0;0;4;5;3;3;11.000 forint
4.5;7;10;0;29,83;21,5;29,83;0;1;0;0;0;0;1;1;0;0;8,33;21,5;0;0;0;1;0;0;0;0;8;0;0;NA;3;7;5;15.000 forint
8.5;11;14;11;82,33;71;73,83;0;1;1;0;0;0;1;1;0;0;11,33;36;26,5;0;0;1;0;0;0;0;8;0;0;3;5;5;7;12.000 forint
7;1;10;5;54;43;53;0;1;1;0;0;0;1;1;0;0;11;22;20;0;0;1;0;0;0;0;8;0;0;3;4;8;8;15.000 forint
15;11,5;14;12;92,17;83;80,67;0;1;0;1;0;0;0;0;1;0;9,17;41;30,5;1;1;0;0;0;0;0;2;1;0;4;4;4;7;15.000 forint
8.5;9;11,5;14,5;79;67;70,5;0;0;1;1;0;0;0;0;1;0;12;35;23,5;0;1;0;0;0;0;0;2;0;0;5;5;8;7;20.000 forint
10.5;13;12,5;13;90,25;78,5;79,75;0;1;1;1;0;0;0;0;1;0;11,75;38,5;29,5;0;1;0;0;0;0;0;2;0;0;4;5;5;7;12.000 forint
0;6,5;12;0;70,25;58,5;70,25;0;1;0;1;0;0;0;0;1;0;11,75;18,5;40;1;1;0;0;0;0;0;2;1;0;4;5;5;5;15.000 forint
9.5;15,5;16;15;102;90;92,5;0;1;1;1;0;0;0;0;1;0;12;46,5;34;1;1;0;0;0;0;0;2;1;0;5;5;9;6;12.000 forint
11.5;12;0;12;63,75;54,5;63,75;0;1;1;1;0;0;0;0;1;0;9,25;35,5;19;0;1;0;0;0;0;0;2;0;0;3;5;8;8;11.000 forint
6;11,5;0;0;69,25;57,5;69,25;0;1;1;1;0;0;0;0;1;0;11,75;17,5;40;0;1;0;0;0;0;0;2;0;0;3;4;7;8;15.000 forint
9.5;14,5;15;15,5;93,75;82,5;84,25;0;1;0;1;0;0;0;0;1;0;11,25;45;28;1;1;0;0;0;0;0;2;1;0;3;4;7;4;20.000 forint
8;8,5;13,5;15;90,75;79;82,75;0;1;1;1;0;0;0;0;1;0;11,75;37;34;0;1;0;0;0;0;0;2;0;0;3;4;6;7;12.000 forint
10.5;10;9;9,5;76,58;65,5;67,58;0;0;1;1;0;0;0;0;1;0;11,08;30;26,5;0;1;0;0;0;0;0;2;0;0;5;5;10;8;15.000 forint
16;14,5;14,5;13,5;104,5;94;91;0;1;1;1;0;0;0;0;1;0;10,5;45;35,5;1;1;0;0;0;0;0;2;1;0;NA;5;9;8;11.000 forint
8.5;14;9;11;80,25;70,5;71,75;0;1;1;1;0;0;0;0;1;0;9,75;34;28;0;1;0;0;0;0;0;2;0;0;4;5;4;6;12.000 forint
11.5;16;13,5;0;78,33;67,5;78,33;0;1;1;1;0;0;0;0;1;0;10,83;41;26,5;0;1;0;0;0;0;0;2;0;0;3;5;5;5;11.000 forint
10;13;11,5;13;88;77;78;0;1;0;1;0;0;0;0;1;0;11;37,5;29,5;1;1;0;0;0;0;0;2;1;0;2;4;8;5;15.000 forint
15.5;11,5;12,5;8,5;92,75;82;84,25;0;1;1;1;0;0;0;0;1;0;10,75;39,5;34;1;1;0;0;0;0;0;2;1;0;3;5;7;7;12.000 forint
16;13;15,5;16;105;94;92;0;1;1;1;0;0;0;0;1;0;11;47,5;33,5;0;1;0;0;0;0;0;2;0;0;3;5;8;10;20.000 forint
9;15;14;11;84,17;74;75,17;0;0;0;1;0;0;0;0;1;0;10,17;40;25;1;1;0;0;0;0;0;2;1;0;3;5;8;8;20.000 forint
8;6;10;10;66,25;56;60,25;0;1;1;1;0;0;0;0;1;0;10,25;28;22;1;1;0;0;0;0;0;2;1;0;4;5;7;7;12.000 forint
7;14;14,5;6;80,58;69;74,58;0;0;1;1;0;0;0;0;1;0;11,58;35,5;27,5;1;1;0;0;0;0;0;2;1;0;3;5;7;7;12.000 forint
11;10;12;12,5;80,17;70,5;70,17;0;1;0;1;0;0;0;0;1;0;9,67;35,5;25;0;1;0;0;0;0;0;2;0;0;4;4;5;5;15.000 forint
14;15,5;12;12;92,5;81,5;80,5;0;0;1;1;0;0;0;0;1;0;11;41,5;28;1;1;0;0;0;0;0;2;1;0;4;5;6;7;15.000 forint
12;14,5;12;16;89,17;77,5;77,17;0;1;0;1;0;0;0;0;1;0;11,67;42,5;23;1;1;0;0;0;0;0;2;1;0;5;5;8;10;15.000 forint
7;12;11;14;73,25;62,5;66,25;0;1;0;1;0;0;0;0;1;0;10,75;37;18,5;1;1;0;0;0;0;0;2;1;0;3;5;7;4;15.000 forint
10;7;12;15;81,25;70,5;74,25;0;1;1;1;0;0;0;0;1;0;10,75;37;26,5;0;1;0;0;0;0;0;2;0;0;4;5;8;6;11.000 forint
8.5;13;12,5;12;86,67;75,5;78,17;0;1;0;1;0;0;0;0;1;0;11,17;37,5;29,5;1;1;0;0;0;0;0;2;1;0;4;4;7;8;12.000 forint
11;11;15;6;83;71;77;0;1;0;1;0;0;0;0;1;0;12;37;28;1;1;0;0;0;0;0;2;1;0;4;5;7;9;12.000 forint
14;10,5;14,5;11;85;73,5;74,5;0;1;1;1;0;0;0;0;1;0;11,5;39,5;23,5;1;1;0;0;0;0;0;2;1;0;3;5;10;8;20.000 forint
15.5;15,5;16;0;92;80,5;92;0;0;1;0;0;1;1;0;0;1;11,5;47;33,5;0;1;0;0;0;0;0;3;0;0;3;5;8;10;20.000 forint
15;16;15;11;101;89,5;90;0;1;1;0;0;1;1;0;0;1;11,5;46;32,5;1;1;0;0;0;0;0;3;0;1;2;5;5;7;11.000 forint
16;15;13,5;12;100,25;89;88,25;0;1;0;0;0;1;1;0;0;1;11,25;44,5;32,5;1;1;0;0;0;0;0;3;0;1;4;5;7;7;12.000 forint
16;16;15,5;0;90,5;78,5;90,5;0;1;1;0;0;1;1;0;0;1;12;47,5;31;1;1;0;0;0;0;0;3;0;1;3;5;3;8;15.000 forint
6;11;10;0;68,5;56,5;68,5;0;1;0;0;0;1;1;0;0;1;12;27;29,5;0;1;0;0;0;0;0;3;0;0;NA;5;10;4;20.000 forint
12.5;14;10,5;16;98,25;87;87,75;0;0;0;0;0;1;1;0;0;1;11,25;42,5;34;0;1;0;0;0;0;0;3;0;0;3;5;10;6;20.000 forint
8.5;11,5;7,5;15;72,75;62,5;65,25;0;1;1;0;0;1;1;0;0;1;10,25;35;20;0;1;0;0;0;0;0;3;0;0;3;5;7;10;15.000 forint
10;6;0;10;66,08;55,5;66,08;0;1;0;0;0;1;1;0;0;1;10,58;26;29,5;0;1;0;0;0;0;0;3;0;0;4;5;8;5;12.000 forint
11.5;13;14;16;98,5;88,5;87;0;1;0;0;0;1;1;0;0;1;10;43;34;0;1;0;0;0;0;0;3;0;0;5;5;7;6;11.000 forint
3.5;10;12,5;14,5;67,75;57,5;64,25;0;1;1;0;0;1;1;0;0;1;10,25;37;17;0;1;0;0;0;0;0;3;0;0;4;4;9;8;15.000 forint
13.5;11;13,5;16;97,5;86,5;86,5;0;1;0;0;0;1;1;0;0;1;11;43;32,5;1;1;0;0;0;0;0;3;0;1;3;5;4;6;12.000 forint
12;2;5,5;8,5;69,58;59;67,58;0;1;1;0;0;1;1;0;0;1;10,58;26;31;1;1;0;0;0;0;0;3;0;1;5;5;6;9;11.000 forint
13.5;14,5;4;16;91,83;80;87,83;0;1;1;0;0;1;1;0;0;1;11,83;44;32;0;1;0;0;0;0;0;3;0;0;NA;5;8;10;11.000 forint
13.5;13;10;15;98,75;87;88,75;0;0;1;0;0;1;1;0;0;1;11,75;41,5;35,5;1;1;0;0;0;0;0;3;0;1;5;5;6;6;11.000 forint
9.5;13,5;11,5;10;80;71;70,5;0;0;0;0;0;1;1;0;0;1;9;35;26,5;1;1;0;0;0;0;0;3;0;1;4;5;2;0;11.000 forint
6;7,5;7;9;68,25;57,5;62,25;0;1;1;1;0;0;0;0;0;1;10,75;23,5;28;0;0;0;1;0;0;0;5;0;0;4;5;7;8;15.000 forint
7;5,5;5;6,5;57,83;47,5;52,83;0;0;0;1;0;0;0;0;0;1;10,33;19;23,5;1;0;0;1;0;0;0;5;0;1;3;4;7;8;12.000 forint
11.5;8;5;6,5;75,5;64,5;70,5;0;1;0;1;0;0;0;0;0;1;11;26;33,5;0;0;0;1;0;0;0;5;0;0;4;5;8;9;12.000 forint
6;13;12;11,5;83,5;72;77,5;0;0;0;1;0;0;0;0;0;1;11,5;36,5;29,5;1;0;0;1;0;0;0;5;0;1;4;5;7;8;15.000 forint
5.5;4,5;0;0;60;50;60;0;1;1;1;0;0;0;0;0;1;10;10;40;0;0;0;1;0;0;0;5;0;0;4;5;10;7;11.000 forint
10;3;8;5,5;58,25;48;55,25;0;1;0;1;0;0;0;0;0;1;10,25;23,5;21,5;1;0;0;1;0;0;0;5;0;1;3;4;8;9;15.000 forint
1;5;0;0;55;46;55;0;1;0;1;0;0;0;0;0;1;9;6;40;1;0;0;1;0;0;0;5;0;1;4;4;6;6;15.000 forint
12.5;5;11,5;6;64,25;55;59,25;0;1;1;1;0;0;0;0;0;1;9,25;30;20;1;0;0;1;0;0;0;5;0;1;4;4;10;6;15.000 forint
12.5;6,5;10;11;78,75;68;72,25;0;1;0;1;0;0;0;0;0;1;10,75;33,5;28;1;0;0;1;0;0;0;5;0;1;3;3;5;8;20.000 forint
7.5;7;7,5;3;48,25;36,5;45,25;0;1;0;1;0;0;0;0;0;1;11,75;22;11,5;1;0;0;1;0;0;0;5;0;1;3;4;7;4;15.000 forint
8.5;9;11;13,5;83,5;73;75;0;1;1;1;0;0;0;0;0;1;10,5;33,5;31;0;0;0;1;0;0;0;5;0;0;3;5;2;7;11.000 forint
3.5;5,5;4,5;0;65;53,5;65;0;1;0;1;0;0;0;0;0;1;11,5;13,5;40;1;0;0;1;0;0;0;5;0;1;3;4;7;8;20.000 forint
11;13,5;10;11;89,75;78;79,75;0;0;0;1;0;0;0;0;0;1;11,75;35,5;32,5;1;0;0;1;0;0;0;5;0;1;5;5;3;7;12.000 forint
16;14,5;10;16;93,92;82,5;83,92;0;1;0;1;0;0;0;0;0;1;11,42;46,5;26;1;0;0;1;0;0;0;5;0;1;3;4;7;9;12.000 forint
8;6,5;9;6,5;67,08;58;60,58;0;1;1;1;0;0;0;0;0;1;9,08;23,5;28;1;0;0;1;0;0;0;5;0;1;4;4;5;7;15.000 forint
5;3;8;10;60,5;49,5;57,5;0;1;0;0;0;0;1;0;1;0;11;23;23,5;1;0;0;0;0;1;0;NA;1;0;4;5;8;8;15.000 forint
13;10,5;13,5;8;84,75;74,5;76,75;0;0;1;0;0;0;1;0;1;0;10,25;37;29,5;1;0;0;0;0;1;0;NA;1;0;5;5;7;6;11.000 forint
7;6;4,5;9;63,75;53;59,25;0;1;1;0;0;0;1;0;1;0;10,75;22;26,5;1;0;0;0;0;1;0;NA;1;0;4;5;7;7;12.000 forint
8;10,5;0;9,5;58,17;47,5;58,17;0;1;0;0;0;0;1;0;1;0;10,67;28;19,5;0;0;0;0;0;1;0;NA;0;0;4;5;6;8;20.000 forint
3.5;10,5;3,5;0;24,25;17,5;24,25;0;1;1;0;0;0;1;0;1;0;6,75;17,5;0;1;0;0;0;0;1;0;NA;1;0;4;4;6;8;15.000 forint
11;12;12,5;8;79,25;68,5;71,25;0;0;1;0;0;0;1;0;1;0;10,75;35,5;25;0;0;0;0;0;1;0;NA;0;0;3;5;4;3;11.000 forint
4.5;4;6,5;0;66,25;55;66,25;0;1;0;0;0;0;1;0;1;0;11,25;15;40;1;0;0;0;0;1;0;NA;1;0;3;5;7;5;15.000 forint
14;16;14;15;106,08;94,5;92,08;0;1;1;0;0;0;1;0;1;0;11,58;45;35,5;0;0;0;0;0;1;0;NA;0;0;5;5;4;8;12.000 forint
12;12;15,5;16;99,25;87,5;87,25;0;0;0;0;0;0;1;0;1;0;11,75;43,5;32;1;0;0;0;0;1;0;NA;1;0;4;4;6;9;12.000 forint
12;12,5;14,5;10;86;75,5;76;0;1;1;0;0;0;1;0;1;0;10,5;39;26,5;0;0;0;0;0;1;0;NA;0;0;NA;5;4;5;11.000 forint
16;14;13,5;16;103,75;92;90,25;0;1;1;0;0;0;1;0;1;0;11,75;46;32,5;1;0;0;0;0;1;0;NA;1;0;4;5;7;9;15.000 forint
11;8;9,5;10,5;82,83;71,5;74,83;0;0;0;0;0;0;1;0;1;0;11,33;31;32,5;1;0;0;0;0;1;0;NA;1;0;2;5;5;10;15.000 forint
10.5;10;0;0;23,75;20,5;23,75;0;1;0;0;0;0;1;0;1;0;3,25;20,5;0;0;0;0;0;0;1;0;NA;0;0;4;5;7;7;20.000 forint
5;8,5;14;16;88,5;77,5;83,5;0;1;1;0;0;0;1;0;1;0;11;38,5;34;0;0;0;0;0;1;0;NA;0;0;4;4;10;6;20.000 forint
10;10;15;7;86,75;76;79,75;0;1;1;0;0;0;1;0;1;0;10,75;35;34;0;0;0;0;0;1;0;NA;0;0;4;4;7;4;12.000 forint
5.5;10,5;5,5;11;68,5;56,5;63;0;0;1;0;0;0;1;0;1;0;12;27;24;1;0;0;0;0;1;0;NA;1;0;4;5;7;8;15.000 forint
11.5;7;12;12,5;72,17;61,5;65,17;0;0;0;0;0;0;1;0;1;0;10,67;36;18,5;1;0;0;0;0;1;0;NA;1;0;4;5;6;7;15.000 forint
3;8,5;12;15;78,5;68;75,5;0;1;1;0;0;0;1;0;1;0;10,5;35,5;29,5;0;0;0;0;0;1;0;NA;0;0;5;4;8;8;12.000 forint
10.5;6;15;12;79,75;70;73,75;0;0;0;0;0;0;1;0;1;0;9,75;37,5;26,5;1;0;0;0;0;1;0;NA;1;0;5;5;8;10;12.000 forint
9.5;15,5;0;16;80,5;69;80,5;0;1;0;0;0;0;1;0;1;0;11,5;41;28;1;0;0;0;0;1;0;NA;1;0;5;5;5;5;12.000 forint
9;13;15;15;97,75;86;88,75;0;1;1;0;0;0;1;0;1;0;11,75;43;34;1;0;0;0;0;1;0;NA;1;0;4;5;4;6;15.000 forint
14;15;9,5;16;100,25;88,5;90,75;0;1;1;0;0;0;1;0;1;0;11,75;45;34;1;0;0;0;0;1;0;NA;1;0;4;5;4;1;11.000 forint
7;15;14;16;100,5;89;93,5;0;0;1;0;0;0;1;0;1;0;11,5;45;37;0;0;0;0;0;1;0;NA;0;0;4;5;6;7;15.000 forint
8;9;13;13;86,75;75,5;78,75;0;1;1;0;0;0;1;0;1;0;11,25;35;32,5;1;0;0;0;0;1;0;NA;1;0;5;5;7;6;11.000 forint
15;12;14;15;100,25;89,5;88,25;0;1;0;0;0;0;1;0;0;1;10,75;44;33,5;1;0;0;0;0;1;0;NA;0;1;3;5;4;6;15.000 forint
15;14;14;10;98;87;88;0;0;0;0;0;0;1;0;0;1;11;43;34;1;0;0;0;0;1;0;NA;0;1;4;5;3;8;15.000 forint
13.5;7,5;6,5;0;78,25;67,5;78,25;0;0;0;0;0;0;1;0;0;1;10,75;27,5;40;1;0;0;0;0;1;0;NA;0;1;4;5;5;7;15.000 forint
7;15;15;14;92,5;80,5;85,5;0;0;0;0;0;0;1;0;0;1;12;44;29,5;1;0;0;0;0;1;0;NA;0;1;3;5;6;7;15.000 forint
12;10;5,5;6;68,5;58;63;0;1;0;0;0;0;1;0;0;1;10,5;28;24,5;1;0;0;0;0;1;0;NA;0;1;3;5;5;5;11.000 forint
4.5;15;15;14,5;94,5;83;90;0;1;1;0;0;0;1;0;0;1;11,5;44,5;34;1;0;0;0;0;1;0;NA;0;1;4;5;5;6;12.000 forint
9.5;7;5;8;80,75;69,5;75,75;0;1;0;0;0;0;1;0;0;1;11,25;24,5;40;1;0;0;0;0;1;0;NA;0;1;4;5;6;7;20.000 forint
3.5;0;0;0;53,5;43,5;53,5;0;1;0;0;0;0;1;0;0;1;10;3,5;40;1;0;0;0;0;1;0;NA;0;1;3;4;6;5;12.000 forint
15.5;13;13;9;91;80;82;0;1;1;0;0;0;1;0;0;1;11;41,5;29,5;1;0;0;0;0;1;0;NA;0;1;4;5;3;5;15.000 forint
0;9,5;0;1;60;50,5;60;0;1;0;0;0;0;1;0;0;1;9,5;10,5;40;0;0;0;0;0;1;0;NA;0;0;4;5;7;7;12.000 forint
8;6,5;11;11;70,25;60;63,75;0;1;1;0;0;0;1;0;0;1;10,25;30;23,5;0;0;0;0;0;1;0;NA;0;0;4;4;4;5;15.000 forint
12;1,5;13;16;85,5;73,5;84;0;1;1;0;0;0;1;0;0;1;12;41;31;1;0;0;0;0;1;0;NA;0;1;3;5;5;8;20.000 forint
14;14,5;14;15;104,5;93;90,5;0;1;1;0;0;0;1;0;0;1;11,5;43,5;35,5;1;0;0;0;0;1;0;NA;0;1;NA;4;4;4;12.000 forint
11;11;10,5;13;89,08;78;78,58;0;1;1;0;0;0;1;0;0;1;11,08;35;32,5;1;0;0;0;0;1;0;NA;0;1;3;5;6;3;15.000 forint
3;9;9;0;29;21;29;0;1;1;0;0;0;1;0;0;1;8;21;0;1;0;0;0;0;1;0;NA;0;1;3;5;6;6;20.000 forint
1.5;5,5;7;8;53,5;42,5;52;0;0;0;0;0;0;1;0;0;1;11;20,5;20,5;1;0;0;0;0;1;0;NA;0;1;5;5;7;5;15.000 forint
6.5;7,5;10;6,5;66,25;55,5;59,75;0;1;1;0;0;0;1;0;0;1;10,75;24;25;0;0;0;0;0;1;0;NA;0;0;4;4;7;6;11.000 forint
10;3;12;13,5;83,5;72,5;80,5;0;1;1;0;0;0;1;0;0;1;11;35,5;34;0;0;0;0;0;1;0;NA;0;0;4;5;7;9;15.000 forint
16;11;16;15,5;104,5;92,5;93,5;0;1;0;0;0;0;1;0;0;1;12;47,5;34;0;0;0;0;0;1;0;NA;0;0;4;5;6;4;11.000 forint
7;3;13,5;5;54,08;44,5;51,08;0;1;1;0;1;0;0;1;0;0;9,58;25,5;16;0;0;0;0;0;1;0;NA;0;0;4;4;7;6;20.000 forint
16;13;16;10;99,5;87,5;89,5;0;0;1;0;1;0;0;1;0;0;12;45;32,5;0;0;0;0;0;1;0;NA;0;0;4;5;3;7;11.000 forint
11;9;10;8;76,5;65,5;68,5;0;1;0;0;1;0;0;1;0;0;11;30;27,5;1;0;0;0;0;1;0;NA;0;0;2;5;6;6;15.000 forint
0;5,5;12;11;65,5;54,5;65,5;0;1;1;0;1;0;0;1;0;0;11;28,5;26;0;0;0;0;0;1;0;NA;0;0;4;5;8;7;15.000 forint
11;11;16;15;94,58;84;83,58;0;0;0;0;1;0;0;1;0;0;10,58;42;31;0;0;0;0;0;1;0;NA;0;0;3;5;5;3;11.000 forint
12;15;8;10;87;76;79;0;1;0;0;1;0;0;1;0;0;11;37;31;1;0;0;0;0;1;0;NA;0;0;4;5;5;6;12.000 forint
13.5;11,5;10;15;98,75;87;88,75;0;1;0;0;1;0;0;1;0;0;11,75;40;37;1;0;0;0;0;1;0;NA;0;0;3;5;6;6;12.000 forint
16;6;16;14;97,5;86;91,5;0;0;1;0;1;0;0;1;0;0;11,5;46;34;1;0;0;0;0;1;0;NA;0;0;3;5;5;7;12.000 forint
11.5;4;11,5;9;74,25;64;70,25;0;1;1;0;1;0;0;1;0;0;10,25;32;28;1;0;0;0;0;1;0;NA;0;0;3;5;8;9;15.000 forint
10.5;8;13,5;15;88,5;76,5;80,5;0;1;1;0;1;0;0;1;0;0;12;39;29,5;1;0;0;0;0;1;0;NA;0;0;4;5;7;6;12.000 forint
5;9,5;8;8;64,42;54;59,42;0;0;0;0;1;0;0;1;0;0;10,42;25,5;23,5;0;0;0;0;0;1;0;NA;0;0;4;4;8;10;11.000 forint
0;1;0;0;4;1;4;0;1;1;0;1;0;0;1;0;0;3;1;0;0;0;0;0;0;1;0;NA;0;0;3;5;10;10;20.000 forint
11;11;9,5;13;87,08;77;77,58;0;1;1;0;1;0;0;1;0;0;10,08;35;32,5;1;0;0;0;0;1;0;NA;0;0;2;4;6;6;12.000 forint
9;2;10;0;27,67;21;27,67;0;1;1;0;1;0;0;1;0;0;6,67;21;0;1;0;0;0;0;1;0;NA;0;0;3;4;3;3;12.000 forint
1;0;0;0;10,75;1;10,75;0;0;0;0;1;0;0;1;0;0;9,75;1;0;0;0;0;0;0;1;0;NA;0;0;3;5;8;9;15.000 forint
9.5;5;10;9,5;69;59;64;0;1;0;0;1;0;0;1;0;0;10;29;25;1;0;0;0;0;1;0;NA;0;0;3;5;7;6;15.000 forint
15;11,5;15;10;97,5;85,5;87,5;0;0;0;0;1;0;0;1;0;0;12;41,5;34;1;0;0;0;0;1;0;NA;0;0;3;5;6;9;11.000 forint
8;6,5;8,5;12;72,25;61;65,75;0;1;1;0;1;0;0;1;0;0;11,25;28,5;26;1;0;0;0;0;1;0;NA;0;0;4;NA;9;9;15.000 forint
5.5;9,5;8;9;71,08;61;65,58;0;1;1;0;1;0;0;1;0;0;10,08;26,5;29;0;0;0;0;0;1;0;NA;0;0;4;4;8;7;12.000 forint
11;2;10;10;67,25;56,5;65,25;0;1;1;0;1;0;0;1;0;0;10,75;31;23,5;1;0;0;0;0;1;0;NA;0;0;5;5;6;8;11.000 forint
11.5;6,5;13;6;75,25;63,5;69,25;0;1;0;0;1;0;0;1;0;0;11,75;31;26,5;1;0;0;0;0;1;0;NA;0;0;3;5;6;9;20.000 forint
9.5;5;8;14;74;63;69;0;0;1;0;1;0;0;1;0;0;11;31,5;26,5;0;0;0;0;0;1;0;NA;0;0;4;4;6;6;12.000 forint
12;11;14,5;16;99;87,5;88;0;1;1;0;1;0;0;1;0;0;11,5;42,5;34;1;0;0;0;0;1;0;NA;0;0;3;5;5;7;15.000 forint
14;4,5;11,5;15;87,5;75,5;83;0;1;0;0;1;0;0;1;0;0;12;40,5;30,5;0;0;0;0;0;1;0;NA;0;0;4;5;3;5;11.000 forint
14;3,5;14,5;14;89,5;80;86;0;1;0;0;1;0;0;1;0;0;9,5;42,5;34;1;0;0;0;1;0;0;NA;0;0;5;5;7;9;12.000 forint
13;12,5;10,5;12;80,5;71,5;70;0;0;1;0;1;0;0;1;0;0;9;37,5;23,5;0;0;0;0;1;0;0;NA;0;0;5;5;10;10;15.000 forint
10.5;8,5;15,5;8;77,5;67;69,5;0;1;1;0;1;0;0;1;0;0;10,5;34,5;24,5;1;0;0;0;1;0;0;NA;0;0;4;5;6;6;11.000 forint
13;6;12,5;7,5;77,25;68;71,25;0;0;1;0;1;0;0;1;0;0;9,25;33;29;0;0;0;0;1;0;0;NA;0;0;3;5;5;8;12.000 forint
16;15;10,5;16;93,75;83;83,25;0;0;0;0;1;0;0;1;0;0;10,75;47;25,5;1;0;0;0;1;0;0;NA;0;0;4;5;4;6;12.000 forint
13;10;11,5;9,5;80,25;69;70,75;0;1;1;0;1;0;0;1;0;0;11,25;34,5;25;1;0;0;0;1;0;0;NA;0;0;1;4;6;3;11.000 forint
10;0;12;4;64;54;64;0;1;1;0;1;0;0;1;0;0;10;26;28;1;0;0;0;1;0;0;NA;0;0;5;5;7;4;15.000 forint
9.5;5,5;6;6;58,17;48,5;52,67;0;1;1;0;1;0;0;1;0;0;9,67;21,5;21,5;0;0;0;0;1;0;0;NA;0;0;1;3;7;7;11.000 forint
12;8,5;8,5;11;81;70,5;72,5;0;1;1;0;1;0;0;1;0;0;10,5;31,5;30,5;0;0;0;0;1;0;0;NA;0;0;4;4;5;4;12.000 forint
12;9;11;16;91;80,5;82;0;1;1;0;1;0;0;1;0;0;10,5;39;32,5;1;0;0;0;1;0;0;NA;0;0;5;5;6;8;15.000 forint
14.5;8,5;8,5;15,5;83,25;73,5;74,75;0;1;1;0;1;0;0;1;0;0;9,75;38,5;26,5;1;0;0;0;1;0;0;NA;0;0;3;5;9;9;20.000 forint
14.5;12,5;12,5;3;79,5;69;76,5;0;1;1;0;1;0;0;1;0;0;10,5;39,5;26,5;0;0;0;0;1;0;0;NA;0;0;3;5;6;8;15.000 forint
8;2;6;13,5;60;48,5;58;0;1;1;0;1;0;0;1;0;0;11,5;27,5;19;1;0;0;0;1;0;0;NA;0;0;4;5;8;2;15.000 forint
7.5;12,5;9;14;80;69;72,5;0;1;1;0;1;0;0;1;0;0;11;35,5;26;1;0;0;0;1;0;0;NA;0;0;4;5;7;6;12.000 forint
12.5;7,5;15;10,5;87,92;76,5;80,42;0;0;1;0;1;0;0;1;0;0;11,42;38;31;1;0;0;0;1;0;0;NA;0;0;5;5;7;9;15.000 forint
13;11;11;8;78,08;68;70,08;0;1;1;0;1;0;0;1;0;0;10,08;35;25;0;0;0;0;1;0;0;NA;0;0;2;5;8;4;12.000 forint
9;8,5;9;0;57,75;48;57,75;0;1;0;0;1;0;0;1;0;0;9,75;26,5;21,5;1;0;0;0;1;0;0;NA;0;0;3;4;7;6;15.000 forint
11.5;6,5;12,5;9;49,25;39,5;42,75;0;1;1;0;1;0;0;1;0;0;9,75;33;0;1;0;0;0;1;0;0;NA;0;0;3;5;6;9;15.000 forint
15;6;9,5;9;75,5;65,5;69,5;0;1;1;0;1;0;0;1;0;0;10;33,5;26;0;0;0;0;1;0;0;NA;0;0;4;5;9;9;15.000 forint
13;8,5;9,5;13,5;79,58;69;71,08;0;1;1;0;1;0;0;1;0;0;10,58;36;24,5;0;0;0;0;1;0;0;NA;0;0;4;5;3;10;12.000 forint
0;7,5;4;5;25;16,5;25;0;1;1;0;1;0;0;0;0;1;8,5;16,5;0;1;0;0;0;1;0;0;NA;0;1;4;5;8;8;15.000 forint
0;1;0;0;3,75;1;3,75;0;1;0;0;1;0;0;0;0;1;2,75;1;0;0;0;0;0;1;0;0;NA;0;0;2;5;5;2;11.000 forint
14.5;14,5;13;13,5;91,25;80,5;78,25;0;1;1;0;1;0;0;0;0;1;10,75;42,5;25;1;0;0;0;1;0;0;NA;0;1;4;5;6;9;20.000 forint
11;4,5;7;6;57,5;47;53;0;1;1;0;1;0;0;0;0;1;10,5;24;18,5;0;0;0;0;1;0;0;NA;0;0;5;5;7;9;12.000 forint
8;7,5;8,5;8,5;61,75;50;54,25;0;1;1;0;1;0;0;0;0;1;11,75;25;17,5;0;0;0;0;1;0;0;NA;0;0;4;5;7;7;15.000 forint
5;11,5;8,5;4,5;69,33;58,5;64,83;0;1;1;0;1;0;0;0;0;1;10,83;25;29;1;0;0;0;1;0;0;NA;0;1;4;5;6;8;20.000 forint
16;12;12,5;8,5;88,67;78,5;80,17;0;1;1;0;1;0;0;0;0;1;10,17;40,5;29,5;1;0;0;0;1;0;0;NA;0;1;3;5;4;5;11.000 forint
12;2,5;0;0;20,92;14,5;20,92;0;1;1;0;1;0;0;0;0;1;6,42;14,5;0;0;0;0;0;1;0;0;NA;0;0;2;2;10;10;20.000 forint
11;11,5;12,5;9,5;81,5;72,5;72;0;1;1;0;1;0;0;0;0;1;9;35;28;0;0;0;0;1;0;0;NA;0;0;3;5;7;8;11.000 forint
13;12;14;16;99,25;87,5;87,25;0;0;1;0;1;0;0;0;0;1;11,75;43;32,5;1;0;0;0;1;0;0;NA;0;1;3;5;5;8;20.000 forint
13.5;14,5;8,5;8;85,5;74;77,5;0;1;0;0;1;0;0;0;0;1;11,5;36,5;29,5;1;0;0;0;1;0;0;NA;0;1;4;5;8;8;12.000 forint
8;7,5;5;4;57;46;53;0;1;1;0;1;0;0;0;0;1;11;20,5;21,5;0;0;0;0;1;0;0;NA;0;0;5;5;6;7;11.000 forint
7.5;3,5;6;2;24,5;19;22,5;0;1;1;0;1;0;0;0;0;1;5,5;17;0;1;0;0;0;1;0;0;NA;0;1;1;2;4;8;15.000 forint
14;7;15;14,5;97,5;86;90,5;0;1;1;0;1;0;0;0;0;1;11,5;43,5;35,5;0;0;0;0;1;0;0;NA;0;0;4;5;4;6;11.000 forint
14;10,5;11;4,5;74;63,5;69,5;0;1;0;0;1;0;0;0;0;1;10,5;35,5;23,5;0;0;0;0;1;0;0;NA;0;0;4;4;8;6;15.000 forint
12;2,5;12;7,5;68;59;65,5;0;1;1;0;1;0;0;0;0;1;9;31,5;25;0;0;0;0;1;0;0;NA;0;0;4;5;7;7;15.000 forint
12;7;10;8;79,75;68;72,75;0;1;1;0;1;0;0;0;0;1;11,75;30;31;0;0;0;0;1;0;0;NA;0;0;4;5;6;9;15.000 forint
13;11,5;11;12;86,5;75,5;75,5;0;1;1;0;1;0;0;0;0;1;11;36,5;28;1;0;0;0;1;0;0;NA;0;1;5;5;5;NA;12.000 forint
11.5;12,5;11;5,5;73,5;62,5;68;0;1;1;0;1;0;0;0;0;1;11;35;22;0;0;0;0;1;0;0;NA;0;0;5;5;8;6;11.000 forint
11;0,5;8,5;2;72;62;71,5;0;1;1;0;1;0;0;0;0;1;10;21,5;40;0;0;0;0;1;0;0;NA;0;0;4;5;8;9;15.000 forint
13;10,5;8,5;11;85,75;74;77,25;0;1;0;0;1;0;0;0;0;1;11,75;34,5;31;1;0;0;0;1;0;0;NA;0;1;4;5;9;5;12.000 forint
9;3;3;2;55,83;45;53,83;0;0;1;0;1;0;0;0;0;1;10,83;15;28;1;0;0;0;1;0;0;NA;0;1;3;5;10;10;15.000 forint
13.5;15,5;15;15;104,5;93;91;0;1;1;0;1;0;0;0;1;0;11,5;45,5;34;1;0;0;0;1;0;0;9;1;0;4;5;7;9;12.000 forint
12.5;8,5;9;11;77,25;65,5;68,75;0;0;1;0;1;0;0;0;1;0;11,75;32,5;24,5;1;0;0;0;1;0;0;9;1;0;4;4;6;6;15.000 forint
14;11,5;16;8;91,25;80,5;83,25;0;1;1;0;1;0;0;0;1;0;10,75;41,5;31;0;0;0;0;1;0;0;9;0;0;3;5;7;8;15.000 forint
14;4;12;12;76,5;65,5;72,5;0;1;1;0;1;0;0;0;1;0;11;38;23,5;1;0;0;0;1;0;0;9;1;0;3;4;7;3;20.000 forint
14.5;6,5;11;9,5;83,42;74;76,92;0;1;1;0;1;0;0;0;1;0;9,42;35;32,5;0;0;0;0;1;0;0;9;0;0;5;5;7;10;15.000 forint
15;12,5;12;15;95,25;84;83,25;0;1;0;0;1;0;0;0;1;0;11,25;42,5;29,5;1;0;0;0;1;0;0;9;1;0;4;5;7;7;12.000 forint
14.5;16;13;13,5;97,83;86;84,83;0;1;1;0;1;0;0;0;1;0;11,83;44;29;1;0;0;0;1;0;0;9;1;0;3;4;7;6;20.000 forint
14;10;12;10;87,25;75,5;77,25;0;1;0;0;1;0;0;0;1;0;11,75;36;29,5;0;0;0;0;1;0;0;9;0;0;3;5;5;3;15.000 forint
14.5;12;15;13;95;84;83;0;1;0;0;1;0;0;0;1;0;11;42,5;29,5;1;0;0;0;1;0;0;9;1;0;4;5;5;5;15.000 forint
11;8;12;11;79,75;70;71,75;0;1;1;0;1;0;0;0;1;0;9,75;34;28;0;0;0;0;1;0;0;9;0;0;NA;3;8;10;12.000 forint
6.5;5,5;14;0;65,25;54;65,25;0;1;1;0;1;0;0;0;1;0;11,25;26;28;0;0;0;0;1;0;0;9;0;0;3;5;5;5;15.000 forint
16;13,5;10,5;9;90,5;78,5;81,5;0;0;1;0;1;0;0;0;1;0;12;40;29,5;1;0;0;0;1;0;0;9;1;0;3;5;7;7;15.000 forint
14;3,5;10,5;12;80,75;69;77,25;0;1;0;0;1;0;0;0;1;0;11,75;36,5;29;0;0;0;0;1;0;0;9;0;0;2;5;8;7;12.000 forint
14.5;7,5;13;13;94;82;86,5;0;1;0;0;1;0;0;0;1;0;12;40,5;34;1;0;0;0;1;0;0;9;1;0;3;5;5;8;12.000 forint
13;1;13;13;78,75;67,5;77,75;0;1;1;0;1;0;0;0;1;0;11,25;39;27,5;1;0;0;0;1;0;0;9;1;0;3;5;6;7;12.000 forint
12.5;13,5;10,5;5,5;79,5;68,5;74;0;0;1;0;1;0;0;0;1;0;11;36,5;26,5;1;0;0;0;1;0;0;9;1;0;4;5;7;8;20.000 forint
12.5;15,5;10,5;14;97,58;88;87,08;0;1;1;0;1;0;0;0;1;0;9,58;42;35,5;0;0;0;0;1;0;0;9;0;0;3;5;8;9;11.000 forint
15;9,5;13,5;12;95;84;85,5;0;1;1;0;1;0;0;0;1;0;11;40,5;34;0;0;0;0;1;0;0;9;0;0;4;5;6;8;12.000 forint
10.5;5;3,5;4,5;59,92;49,5;56,42;0;1;0;0;1;0;0;0;1;0;10,42;20;26;1;0;0;0;1;0;0;9;1;0;4;3;6;7;11.000 forint
13.5;6,5;14;13;87,83;76,5;81,33;0;1;1;0;1;0;0;0;1;0;11,33;40,5;29,5;1;0;0;0;1;0;0;9;1;0;5;5;7;9;20.000 forint
16;11;12;10;90,08;78,5;80,08;0;0;0;0;1;0;0;0;1;0;11,58;39;29,5;0;0;0;0;1;0;0;9;0;0;5;5;5;3;12.000 forint
11.5;14,5;10;0;86,75;76;86,75;0;1;1;0;1;0;0;0;1;0;10,75;36;40;1;0;0;0;1;0;0;9;1;0;5;5;5;9;12.000 forint
9;4;10,5;9;73,25;63,5;69,25;0;1;1;0;1;0;0;0;1;0;9,75;28,5;31;1;0;0;0;1;0;0;9;1;0;3;5;6;10;20.000 forint
13;11,5;11,5;10;84,75;74;74,75;0;0;1;0;1;0;0;0;1;0;10,75;36;28;0;0;0;0;1;0;0;9;0;0;4;5;7;7;12.000 forint
11;10;14;11,5;78,17;67;68,17;0;0;1;0;1;0;0;0;1;0;11,17;36,5;20,5;1;0;0;0;1;0;0;9;1;0;4;4;6;8;15.000 forint
15;13,5;11;14;97,25;86;86,25;0;1;0;0;1;0;0;0;1;0;11,25;42,5;32,5;0;0;0;0;1;0;0;9;0;0;4;5;8;10;11.000 forint
10;7;13;0;64,5;53,5;64,5;1;1;0;0;0;0;1;1;0;0;11;30;23,5;0;0;0;0;0;0;1;15;0;0;3;4;8;10;20.000 forint
10;12;9;9;72,75;61;63,75;1;0;0;0;0;0;1;1;0;0;11,75;31;21;1;0;0;0;0;0;1;15;0;0;3;5;10;2;20.000 forint
9;10;11;5,5;64,75;54;59,25;1;1;0;0;0;0;1;1;0;0;10,75;30;18,5;1;0;0;0;0;0;1;15;0;0;3;3;4;3;20.000 forint
6;11;5;10;62,75;52;57,75;1;1;0;0;0;0;1;1;0;0;10,75;27;20;1;0;0;0;0;0;1;15;0;0;3;4;6;3;15.000 forint
5;5,5;3;5;45,5;35,5;42,5;1;1;1;0;0;0;1;1;0;0;10;15,5;17;0;0;0;0;0;0;1;15;0;0;3;4;4;8;12.000 forint
9.5;11,5;14;16;93,25;82;83,75;1;1;1;0;0;0;1;1;0;0;11,25;41,5;31;0;0;0;0;0;0;1;15;0;0;3;5;6;8;15.000 forint
0;5;6;0;21,5;11;21,5;1;1;0;0;0;0;1;1;0;0;10,5;11;0;0;0;0;0;0;0;1;15;0;0;4;4;8;8;12.000 forint
11;6;0;8;57,5;48;57,5;1;1;0;0;0;0;1;1;0;0;9,5;25;23;1;0;0;0;0;0;1;15;0;0;3;4;8;10;12.000 forint
4;0;0;0;13;4;13;1;1;1;0;0;0;1;1;0;0;9;4;0;1;0;0;0;0;0;1;15;0;0;5;4;3;10;15.000 forint
7;9;7;11;56,42;46;49,42;1;1;0;0;0;0;1;1;0;0;10,42;27;12;1;0;0;0;0;0;1;15;0;0;1;3;5;3;15.000 forint
12;9,5;13;16;90;78;80,5;1;0;0;0;0;0;1;1;0;0;12;41;27,5;0;0;0;0;0;0;1;15;0;0;3;4;6;6;20.000 forint
10;10;8;14;73,25;62,5;65,25;1;0;1;0;0;0;1;1;0;0;10,75;34;20,5;0;0;0;0;0;0;1;15;0;0;2;5;4;8;12.000 forint
4;0;0;0;8;4;8;1;0;0;0;0;0;1;1;0;0;4;4;0;1;0;0;0;0;0;1;15;0;0;2;4;7;8;15.000 forint
7.5;9;0;0;25,75;16,5;25,75;1;1;1;0;0;0;1;1;0;0;9,25;16,5;0;0;0;0;0;0;0;1;15;0;0;3;5;7;9;15.000 forint
12;6,5;15;14;83,25;72;76,75;1;0;0;0;0;0;1;1;0;0;11,25;41;24,5;0;0;0;0;0;0;1;15;0;0;5;5;5;10;15.000 forint
6;5;7;10;58,5;47;53,5;1;0;1;0;0;0;1;1;0;0;11,5;23;19;1;0;0;0;0;0;1;15;0;0;4;5;7;8;15.000 forint
4;0;0;0;6,75;4;6,75;1;1;0;0;0;0;1;1;0;0;2,75;4;0;0;0;0;0;0;0;1;15;0;0;4;4;9;10;20.000 forint
4;0;4,5;5;23,25;13,5;23,25;1;1;0;0;0;0;1;1;0;0;9,75;13,5;0;1;0;0;0;0;0;1;15;0;0;NA;3;5;7;12.000 forint
9;9,5;8;0;63,5;53;63,5;1;0;0;0;0;0;1;1;0;0;10,5;26,5;26,5;1;0;0;0;0;0;1;15;0;0;3;4;6;10;20.000 forint
10;7;11,5;11;76,25;65,5;69,25;1;0;0;0;0;0;1;1;0;0;10,75;32,5;26;0;0;0;0;0;0;1;15;0;0;4;4;8;7;20.000 forint
3;3;5;9,5;48;39;45;1;0;1;0;0;0;1;1;0;0;9;17,5;18,5;0;0;0;0;0;0;1;15;0;0;3;4;7;8;15.000 forint
10;10;15;14,5;87,25;76;77,25;1;0;0;0;0;0;1;1;0;0;11,25;39,5;26,5;0;0;0;0;0;0;1;15;0;0;4;5;8;8;20.000 forint
11;6;15;14;85,25;74;79,25;1;0;0;0;0;0;1;1;0;0;11,25;40;28;0;0;0;0;0;0;1;15;0;0;4;4;5;8;11.000 forint
13.5;6,5;15;14;82,75;71;76,25;1;1;1;0;0;0;1;1;0;0;11,75;42,5;22;1;0;0;0;0;0;1;15;0;0;5;5;8;6;15.000 forint
8;15;0;13;75,5;63,5;75,5;1;1;0;0;0;0;1;1;0;0;12;36;27,5;0;0;0;0;0;0;1;15;0;0;4;4;7;9;12.000 forint
15;14;13;16;96,75;86;83,75;1;0;0;0;0;0;1;1;0;0;10,75;45;28;1;0;0;0;0;0;1;15;0;0;4;4;8;9;15.000 forint
2;9;4;0;21,25;15;21,25;1;0;0;0;0;0;1;1;0;0;6,25;15;0;1;0;0;0;0;0;1;15;0;0;3;5;8;6;15.000 forint
13;12;15,5;16;103,5;92;91,5;1;1;0;0;0;0;1;1;0;0;11,5;44,5;35,5;0;0;0;0;0;0;1;15;0;0;5;5;7;8;20.000 forint
3;10;2;8,5;43,67;33;41,67;1;0;0;0;0;0;1;1;0;0;10,67;21,5;9,5;1;0;0;0;0;0;1;15;0;0;NA;5;5;0;15.000 forint
3;7;9,5;3,5;50,75;40;47,75;1;1;0;0;0;0;1;1;0;0;10,75;20;17;0;0;0;0;0;0;1;15;0;0;4;4;3;8;20.000 forint
7.5;4;9;11;59,5;48,5;55,5;1;1;0;0;0;0;1;1;0;0;11;27,5;17;0;0;0;0;0;0;1;15;0;0;3;3;4;6;20.000 forint